NOMBRE,EMAIL,CELULAR,PROFESION,EDAD,FRECUENCIA_LECTURA,CAT1,CAT2,CAT3,AUT1,AUT2,AUT3,GASTO_TOTAL,TOTAL_LIBROS,CATEGORIA_COMPRA,AUTOR_COMPRA,NIVEL_GASTO,NIVEL_LECTURA
"Kevin Ávila Cabrera","cliente1@cliente.com","0990000001","Docente","25","A diario","Historia","Literatura","Autoayuda","Charles Dickens","Hugh Thomas","Julio Cortazar","8040","29","Literatura","Jorge Luis Borges","alto","alto"
"Florencia Jiménez Muñoz","cliente2@cliente.com","0990000002","Diseñador","35","Mensual","Literatura","Fantasia","Historia","Julio Cortazar","Robin Hobb","George R.R. Martin","300","1","Literatura","Julio Cortazar","bajo","bajo"
"Juan Navarrete Muñoz","cliente3@cliente.com","0990000003","Médico","34","A diario","Autoayuda","Historia","Literatura","Carol Dweck","James Clear","Simon Schama","1940","6","Historia","Charles C. Mann","medio","alto"
"Andrea García Cabrera","cliente4@cliente.com","0990000004","Psicólogo","33","A diario","Autoayuda","Historia","Literatura","Carol Dweck","Eckhart Tolle","José Saramago","810","3","Literatura","William Faulkner","bajo","alto"
"Ronald Chávez Flores","cliente5@cliente.com","0990000005","Abogado","59","Semanal","Historia","Literatura","Misterio","Charles Dickens","Yuval Noah Harari","Fiodor Dostoievski","580","2","Literatura","Jose Saramago","bajo","medio"
"Silvio Peralta Morales","cliente6@cliente.com","0990000006","Estudiante","19","Mensual","Fantasia","Ciencia Ficcion","Infantil","Terry Pratchett","Brandon Sanderson","George Orwell","1530","6","Ciencia Ficcion","Aldous Huxley","medio","medio"
"Laura Reyes García","cliente7@cliente.com","0990000007","Médico","58","Semanal","Autoayuda","Historia","Literatura","Stephen Covey","Charles Dickens","Simon Schama","900","3","Literatura","Harper Lee","bajo","medio"
"Diego Castillo Núñez","cliente8@cliente.com","0990000008","Programador","56","Semanal","Tecnologia","Ciencia Ficcion","Autoayuda","Robert C. Martin","Ray Bradbury","Carol Dweck","1500","5","Autoayuda","Stephen Covey","medio","medio"
"Constanza Flores Cruz","cliente9@cliente.com","0990000009","Docente","25","Varias veces por semana","Historia","Literatura","Autoayuda","Terence D'Altroy","Bill Bryson","Jorge Luis Borges","3500","15","Literatura","George Orwell","alto","alto"
"Tomás Pérez Castillo","cliente10@cliente.com","0990000010","Estudiante","24","A diario","Fantasia","Ciencia Ficcion","Infantil","Terry Pratchett","Stanislaw Lem","Lewis Carroll","6830","23","Ciencia Ficcion","C.S. Lewis","alto","alto"
"Emilia Pizarro Guerrero","cliente11@cliente.com","0990000011","Estudiante","18","A diario","Fantasia","Ciencia Ficcion","Infantil","Patrick Rothfuss","Douglas Adams","E.B. White","3165","11","Ciencia Ficcion","Patrick Rothfuss","alto","alto"
"Ernesto Jiménez Jara","cliente12@cliente.com","0990000012","Mecánico","38","Semanal","Literatura","Historia","Autoayuda","Fiodor Dostoievski","Harper Lee","Juan Rulfo","2210","8","Literatura","Fiodor Dostoievski","medio","alto"
"Mónica Fuentes Ortiz","cliente13@cliente.com","0990000013","Docente","30","Varias veces por semana","Historia","Literatura","Autoayuda","Terence D'Altroy","Isabel Allende","Julio Cortazar","2300","10","Literatura","Franz Kafka","medio","alto"
"Jorge Ramírez Pizarro","cliente14@cliente.com","0990000014","Abogado","30","Semanal","Historia","Literatura","Misterio","Yuval Noah Harari","Jared Diamond","Hugh Thomas","3420","12","Literatura","Harper Lee","alto","alto"
"Sebastián Díaz Martínez","cliente15@cliente.com","0990000015","Estudiante","18","Varias veces por semana","Fantasia","Ciencia Ficcion","Infantil","Rick Riordan","Douglas Adams","Dr. Seuss","3390","12","Fantasia","Brandon Sanderson","alto","alto"
"Rosa Reyes Vargas","cliente16@cliente.com","0990000016","Estudiante","25","Mensual","Fantasia","Ciencia Ficcion","Infantil","Rick Riordan","Neil Gaiman","Aldous Huxley","3080","11","Ciencia Ficcion","Lewis Carroll","alto","medio"
"Ana Vargas Moreno","cliente17@cliente.com","0990000017","Abogado","54","Semanal","Historia","Literatura","Misterio","Bill Bryson","Jack Weatherford","Gabriel Garcia Marquez","1680","6","Literatura","Miguel de Cervantes","medio","alto"
"Claudio Vargas Cárdenas","cliente18@cliente.com","0990000018","Estudiante","26","A diario","Fantasia","Ciencia Ficcion","Infantil","Brandon Sanderson","Patrick Rothfuss","Isaac Asimov","1350","6","Ciencia Ficcion","Ray Bradbury","medio","alto"
"Carmen León Rodríguez","cliente19@cliente.com","0990000019","Chef","35","A diario","Historia","Literatura","Autoayuda","Charles C. Mann","Bill Bryson","Harper Lee","4880","18","Autoayuda","Viktor Frankl","alto","alto"
"Oscar Gómez Cruz","cliente20@cliente.com","0990000020","Estudiante","18","Varias veces por semana","Fantasia","Ciencia Ficcion","Infantil","Rick Riordan","Neil Gaiman","Orson Scott Card","3090","10","Ciencia Ficcion","Frank Herbert","alto","alto"
"Héctor Jiménez Molina","cliente21@cliente.com","0990000021","Estudiante","19","A diario","Fantasia","Ciencia Ficcion","Infantil","C.S. Lewis","J.K. Rowling","Orson Scott Card","4990","16","Fantasia","Maurice Sendak","alto","alto"
"Daniela Vargas Peña","cliente22@cliente.com","0990000022","Abogado","58","Semanal","Historia","Literatura","Misterio","Hugh Thomas","Julio Cortazar","Carlos Ruiz Zafon","700","3","Literatura","Franz Kafka","bajo","medio"
"Andrés Peña Barría","cliente23@cliente.com","0990000023","Estudiante","25","A diario","Fantasia","Ciencia Ficcion","Infantil","J.K. Rowling","Rick Riordan","Brandon Sanderson","4570","19","Infantil","Roald Dahl","alto","alto"
"Sebastián Jara Vargas","cliente24@cliente.com","0990000024","Médico","57","A diario","Autoayuda","Historia","Literatura","Napoleon Hill","Eckhart Tolle","Terence D'Altroy","2280","7","Historia","Charles C. Mann","medio","alto"
"Mauricio Molina Muñoz","cliente25@cliente.com","0990000025","Periodista","34","A diario","Historia","Literatura","Misterio","Jack Weatherford","Yuval Noah Harari","José Saramago","5560","19","Historia","Terence N. D'Altroy","alto","alto"
"Isabel Pérez León","cliente26@cliente.com","0990000026","Docente","26","Semanal","Historia","Literatura","Autoayuda","Jared Diamond","Charles Dickens","Franz Kafka","480","2","Literatura","Juan Rulfo","bajo","medio"
"Silvio Medina Soto","cliente27@cliente.com","0990000027","Médico","54","Semanal","Autoayuda","Historia","Literatura","Napoleon Hill","Carol Dweck","Charles C. Mann","1190","4","Literatura","Julio Cortazar","medio","medio"
"Alejandro Morales Morales","cliente28@cliente.com","0990000028","Programador","46","Casi nunca","Tecnologia","Ciencia Ficcion","Autoayuda","Marcus Garrido","Aldous Huxley","Carol Dweck","0","0","","","bajo","bajo"
"Elena Flores Ponce","cliente29@cliente.com","0990000029","Estudiante","26","Varias veces por semana","Fantasia","Ciencia Ficcion","Infantil","Patrick Rothfuss","Stanislaw Lem","Douglas Adams","2630","8","Fantasia","Patrick Rothfuss","medio","alto"
"Mónica Martínez Guerrero","cliente30@cliente.com","0990000030","Abogado","49","Semanal","Historia","Literatura","Misterio","Jack Weatherford","Franz Kafka","Arthur Conan Doyle","1310","5","Literatura","Jorge Luis Borges","medio","medio"
"Florencia Chávez Paredes","cliente31@cliente.com","0990000031","Ingeniero","50","Semanal","Tecnologia","Ciencia Ficcion","Autoayuda","Javier Zarca","George Orwell","Isaac Asimov","1340","4","Tecnologia","Thomas Cormen","medio","medio"
"Gloria Cabrera Morales","cliente32@cliente.com","0990000032","Estudiante","24","Varias veces por semana","Fantasia","Ciencia Ficcion","Infantil","Patrick Rothfuss","J.K. Rowling","C.S. Lewis","3225","10","Fantasia","Brandon Sanderson","alto","alto"
"Patricia Ramírez Vidal","cliente33@cliente.com","0990000033","Abogado","32","A diario","Historia","Literatura","Misterio","Simon Schama","Yuval Noah Harari","Miguel de Cervantes","3820","13","Misterio","Thomas Harris","alto","alto"
"Regina Díaz Montero","cliente34@cliente.com","0990000034","Médico","45","Mensual","Autoayuda","Historia","Literatura","James Clear","Viktor Frankl","Charles C. Mann","670","3","Literatura","Jorge Luis Borges","bajo","medio"
"Regina Gómez Jiménez","cliente35@cliente.com","0990000035","Psicólogo","53","Mensual","Autoayuda","Historia","Literatura","Viktor Frankl","Paulo Coelho","Terence D'Altroy","500","2","Literatura","Harper Lee","bajo","bajo"
"Gabriel Rodríguez Gómez","cliente36@cliente.com","0990000036","Estudiante","24","Semanal","Fantasia","Ciencia Ficcion","Infantil","Neil Gaiman","George R.R. Martin","Frank Herbert","0","0","","","bajo","bajo"
"Roberto Espinoza Iglesias","cliente37@cliente.com","0990000037","Estudiante","18","A diario","Fantasia","Ciencia Ficcion","Infantil","Neil Gaiman","Rick Riordan","Frank Herbert","2810","10","Ciencia Ficcion","Aldous Huxley","alto","alto"
"Ricardo Ibarra Muñoz","cliente38@cliente.com","0990000038","Programador","37","Varias veces por semana","Tecnologia","Ciencia Ficcion","Autoayuda","Robert C. Martin","Orson Scott Card","Stephen Covey","2340","8","Ciencia Ficcion","Douglas Adams","medio","alto"
"Emilia Rangel Iglesias","cliente39@cliente.com","0990000039","Estudiante","19","A diario","Fantasia","Ciencia Ficcion","Infantil","Brandon Sanderson","Isaac Asimov","Douglas Adams","4120","11","Fantasia","J.R.R. Tolkien","alto","alto"
"Beatriz Ortiz Herrera","cliente40@cliente.com","0990000040","Estudiante","24","Semanal","Fantasia","Ciencia Ficcion","Infantil","J.K. Rowling","Terry Pratchett","Orson Scott Card","705","4","Infantil","Mark Twain","bajo","medio"
"Emilia Muñoz Rivera","cliente41@cliente.com","0990000041","Veterinario","36","Mensual","Literatura","Historia","Autoayuda","Fiodor Dostoievski","Yuval Noah Harari","Malcolm Gladwell","1170","5","Autoayuda","Marie Kondo","bajo","medio"
"Tomás Ponce Bustos","cliente42@cliente.com","0990000042","Ingeniero","45","A diario","Tecnologia","Ciencia Ficcion","Autoayuda","Thomas Cormen","George Orwell","Arthur C. Clarke","2960","9","Tecnologia","Tom Mitchell","alto","alto"
"Marcos Morales Silva","cliente43@cliente.com","0990000043","Estudiante","24","Varias veces por semana","Fantasia","Ciencia Ficcion","Infantil","C.S. Lewis","Brandon Sanderson","George Orwell","1040","4","Ciencia Ficcion","Ray Bradbury","bajo","alto"
"Lorena Jara Gómez","cliente44@cliente.com","0990000044","Docente","50","Semanal","Historia","Literatura","Autoayuda","Charles Dickens","Yuval Noah Harari","Jorge Luis Borges","650","3","Autoayuda","Marie Kondo","bajo","medio"
"Patricio Díaz Vidal","cliente45@cliente.com","0990000045","Estudiante","20","A diario","Fantasia","Ciencia Ficcion","Infantil","Rick Riordan","Stanislaw Lem","Arthur C. Clarke","2160","6","Fantasia","Patrick Rothfuss","medio","alto"
"Silvia Vargas Ávila","cliente46@cliente.com","0990000046","Estudiante","24","Varias veces por semana","Fantasia","Ciencia Ficcion","Infantil","J.R.R. Tolkien","Ray Bradbury","Arthur C. Clarke","5520","15","Fantasia","J.R.R. Tolkien","alto","alto"
"Gonzalo Morales Torres","cliente47@cliente.com","0990000047","Mecánico","50","Semanal","Literatura","Historia","Autoayuda","Fiodor Dostoievski","Jose Saramago","Jack Weatherford","1100","4","Autoayuda","Napoleon Hill","bajo","medio"
"Tomás Silva Navarrete","cliente48@cliente.com","0990000048","Médico","52","Semanal","Autoayuda","Historia","Literatura","Eckhart Tolle","Paulo Coelho","José Saramago","1720","7","Literatura","Franz Kafka","medio","alto"
"Daniel Cruz López","cliente49@cliente.com","0990000049","Constructor","55","Casi nunca","Literatura","Historia","Autoayuda","Julio Cortazar","Jorge Luis Borges","Charles Dickens","360","2","Literatura","George Orwell","bajo","bajo"
"Graciela Moreno Vega","cliente50@cliente.com","0990000050","Abogado","50","Mensual","Historia","Literatura","Misterio","Simon Schama","Gabriel Garcia Marquez","Patricia Cornwell","360","2","Literatura","George Orwell","bajo","bajo"
"Bárbara Carrasco Dominguez","cliente51@cliente.com","0990000051","Ingeniero","54","Casi nunca","Tecnologia","Ciencia Ficcion","Autoayuda","Stuart Russell","George Orwell","James Clear","760","2","Tecnologia","Tom Mitchell","bajo","bajo"
"Mónica Guerrero Peralta","cliente52@cliente.com","0990000052","Electricista","50","Casi nunca","Literatura","Historia","Autoayuda","Jose Saramago","Gabriel Garcia Marquez","Simon Schama","350","1","Historia","Charles C. Mann","bajo","bajo"
"Martina Rodríguez Gómez","cliente53@cliente.com","0990000053","Médico","51","Mensual","Autoayuda","Historia","Literatura","Viktor Frankl","Malcolm Gladwell","Napoleon Hill","950","5","Literatura","Franz Kafka","bajo","medio"
"Carmen Bustos González","cliente54@cliente.com","0990000054","Estudiante","22","Varias veces por semana","Fantasia","Ciencia Ficcion","Infantil","George R.R. Martin","Patrick Rothfuss","George Orwell","3065","11","Infantil","L. Frank Baum","alto","alto"
"Emilia Ponce Montero","cliente55@cliente.com","0990000055","Docente","45","A diario","Historia","Literatura","Autoayuda","Simon Schama","Charles C. Mann","Bill Bryson","1280","5","Autoayuda","Carol Dweck","medio","alto"
"Rosa Cruz García","cliente56@cliente.com","0990000056","Mecánico","40","Casi nunca","Literatura","Historia","Autoayuda","Miguel de Cervantes","Jorge Luis Borges","Hugh Thomas","0","0","","","bajo","bajo"
"Elena Fuentes Herrera","cliente57@cliente.com","0990000057","Estudiante","18","Semanal","Fantasia","Ciencia Ficcion","Infantil","Terry Pratchett","J.R.R. Tolkien","Brandon Sanderson","0","0","","","bajo","bajo"
"Patricia Martínez Chávez","cliente58@cliente.com","0990000058","Médico","64","Casi nunca","Autoayuda","Historia","Literatura","Carol Dweck","Paulo Coelho","Stephen Covey","0","0","","","bajo","bajo"
"María Peña Molina","cliente59@cliente.com","0990000059","Abogado","61","Casi nunca","Historia","Literatura","Misterio","Hugh Thomas","Yuval Noah Harari","Franz Kafka","0","0","","","bajo","bajo"
"Mario Paredes Torres","cliente60@cliente.com","0990000060","Estudiante","24","Varias veces por semana","Fantasia","Ciencia Ficcion","Infantil","Brandon Sanderson","Ray Bradbury","Frank Herbert","3390","11","Fantasia","Patrick Rothfuss","alto","alto"
"Bárbara López Jara","cliente61@cliente.com","0990000061","Enfermero","47","Mensual","Literatura","Historia","Autoayuda","Gabriel Garcia Marquez","Jose Saramago","Fiodor Dostoievski","990","3","Historia","Jack Weatherford","bajo","medio"
"Gonzalo Gómez Cortes","cliente62@cliente.com","0990000062","Docente","45","A diario","Historia","Literatura","Autoayuda","Simon Schama","Franz Kafka","Fiodor Dostoievski","4290","16","Historia","Julio Cortazar","alto","alto"
"Fernando Pizarro Muñoz","cliente63@cliente.com","0990000063","Programador","42","Semanal","Tecnologia","Ciencia Ficcion","Autoayuda","Thomas Cormen","Aldous Huxley","George Orwell","320","1","Tecnologia","Erich Gamma","bajo","medio"
"Alejandra Bravo Torres","cliente64@cliente.com","0990000064","Chef","43","Casi nunca","Historia","Literatura","Romance","Jack Weatherford","Franz Kafka","Isabel Allende","540","2","Literatura","William Faulkner","bajo","bajo"
"Lorena Cortes Flores","cliente65@cliente.com","0990000065","Docente","32","A diario","Historia","Literatura","Autoayuda","Simon Schama","Julio Cortazar","Isabel Allende","3270","11","Literatura","Isabel Allende","alto","alto"
"Renata Rodríguez Ortiz","cliente66@cliente.com","0990000066","Periodista","56","Semanal","Historia","Literatura","Misterio","Jared Diamond","José Saramago","Jose Saramago","980","4","Literatura","Jorge Luis Borges","bajo","medio"
"Oscar Sánchez Ávila","cliente67@cliente.com","0990000067","Médico","65","Casi nunca","Autoayuda","Historia","Literatura","Malcolm Gladwell","Paulo Coelho","Terence D'Altroy","0","0","","","bajo","bajo"
"Lorena Vásquez Medina","cliente68@cliente.com","0990000068","Médico","34","A diario","Autoayuda","Historia","Literatura","Eckhart Tolle","Carol Dweck","Stephen Covey","3300","13","Autoayuda","Paulo Coelho","alto","alto"
"Elena Lara Ortiz","cliente69@cliente.com","0990000069","Abogado","42","Semanal","Historia","Literatura","Misterio","Terence D'Altroy","José Saramago","Jack Weatherford","2100","8","Literatura","Jose Saramago","medio","alto"
"Alberto Sánchez Garay","cliente70@cliente.com","0990000070","Psicólogo","25","Semanal","Autoayuda","Historia","Literatura","Paulo Coelho","James Clear","Carol Dweck","580","2","Autoayuda","James Clear","bajo","medio"
"Lorena Figueroa Castillo","cliente71@cliente.com","0990000071","Estudiante","25","Mensual","Fantasia","Ciencia Ficcion","Infantil","J.K. Rowling","Rick Riordan","Robin Hobb","1870","6","Fantasia","Neil Gaiman","medio","medio"
"Patricia Paredes Núñez","cliente72@cliente.com","0990000072","Arquitecto","54","Semanal","Literatura","Fantasia","Autoayuda","Miguel de Cervantes","Neil Gaiman","Robin Hobb","1130","4","Autoayuda","Marie Kondo","bajo","medio"
"Rosa Vargas Navarrete","cliente73@cliente.com","0990000073","Docente","57","Semanal","Historia","Literatura","Autoayuda","Terence D'Altroy","Simon Schama","Jack Weatherford","0","0","","","bajo","bajo"
"Fausto Vega Mendoza","cliente74@cliente.com","0990000074","Estudiante","23","Varias veces por semana","Fantasia","Ciencia Ficcion","Infantil","Rick Riordan","Douglas Adams","George Orwell","580","3","Infantil","Lewis Carroll","bajo","alto"
"Silvio Barrera Sánchez","cliente75@cliente.com","0990000075","Comerciante","23","Mensual","Literatura","Historia","Autoayuda","Julio Cortazar","Jose Saramago","Fiodor Dostoievski","360","1","Historia","Charles C. Mann","bajo","bajo"
"Fernando Bravo Paredes","cliente76@cliente.com","0990000076","Estudiante","26","Varias veces por semana","Fantasia","Ciencia Ficcion","Infantil","Terry Pratchett","Neil Gaiman","Isaac Asimov","4480","12","Fantasia","J.R.R. Tolkien","alto","alto"
"Gloria Silva Muñoz","cliente77@cliente.com","0990000077","Médico","54","Semanal","Autoayuda","Historia","Literatura","Napoleon Hill","Paulo Coelho","Hugh Thomas","1560","6","Autoayuda","Marie Kondo","medio","alto"
"Constanza Torres Lara","cliente78@cliente.com","0990000078","Estudiante","21","A diario","Fantasia","Ciencia Ficcion","Infantil","Rick Riordan","J.R.R. Tolkien","Ray Bradbury","3510","12","Fantasia","J.R.R. Tolkien","alto","alto"
"Andrea Vargas Chávez","cliente79@cliente.com","0990000079","Estudiante","21","Semanal","Fantasia","Ciencia Ficcion","Infantil","George R.R. Martin","Robin Hobb","J.R.R. Tolkien","1970","5","Fantasia","Frank Herbert","medio","medio"
"Regina Reyes Jiménez","cliente80@cliente.com","0990000080","Docente","34","A diario","Historia","Literatura","Autoayuda","Terence D'Altroy","Jose Saramago","Miguel de Cervantes","4570","14","Historia","Dale Carnegie","alto","alto"
"Florencia Sánchez Castillo","cliente81@cliente.com","0990000081","Médico","63","Mensual","Autoayuda","Historia","Literatura","Stephen Covey","Simon Schama","Fiodor Dostoievski","290","1","Literatura","Jose Saramago","bajo","bajo"
"Paola Fuentes Jara","cliente82@cliente.com","0990000082","Veterinario","47","Casi nunca","Literatura","Historia","Autoayuda","Fiodor Dostoievski","Terence D'Altroy","Viktor Frankl","0","0","","","bajo","bajo"
"Gonzalo Bustos Vargas","cliente83@cliente.com","0990000083","Psicólogo","59","Mensual","Autoayuda","Historia","Literatura","Stephen Covey","Simon Schama","Jack Weatherford","1140","3","Historia","Hugh Thomas","bajo","medio"
"Brandon García Medina","cliente84@cliente.com","0990000084","Ingeniero","47","A diario","Tecnologia","Ciencia Ficcion","Autoayuda","Tom Mitchell","Erich Gamma","William Gibson","4950","18","Autoayuda","Paulo Coelho","alto","alto"
"Andrés Molina Martínez","cliente85@cliente.com","0990000085","Estudiante","24","A diario","Fantasia","Ciencia Ficcion","Infantil","George R.R. Martin","Orson Scott Card","E.B. White","3950","12","Ciencia Ficcion","Orson Scott Card","alto","alto"
"Manuel Contreras García","cliente86@cliente.com","0990000086","Enfermero","28","Semanal","Literatura","Historia","Autoayuda","Juan Rulfo","Hugh Thomas","Simon Schama","350","1","Historia","Charles C. Mann","bajo","medio"
"Carmen Jiménez Chávez","cliente87@cliente.com","0990000087","Estudiante","18","A diario","Fantasia","Ciencia Ficcion","Infantil","J.K. Rowling","George R.R. Martin","George Orwell","1230","4","Ciencia Ficcion","Arthur C. Clarke","medio","alto"
"Augusto Ramírez Pérez","cliente88@cliente.com","0990000088","Comerciante","56","Semanal","Literatura","Historia","Autoayuda","Jose Saramago","Juan Rulfo","Isabel Allende","1330","5","Literatura","Viktor Frankl","medio","medio"
"Martina Vásquez Vargas","cliente89@cliente.com","0990000089","Médico","59","Semanal","Autoayuda","Historia","Literatura","Viktor Frankl","Malcolm Gladwell","Simon Schama","1140","4","Literatura","Miguel de Cervantes","bajo","medio"
"Sofía Ponce Lara","cliente90@cliente.com","0990000090","Estudiante","19","A diario","Fantasia","Ciencia Ficcion","Infantil","George R.R. Martin","Robin Hobb","William Gibson","7290","28","Infantil","Isaac Asimov","alto","alto"
"Felipe Torres Lara","cliente91@cliente.com","0990000091","Estudiante","20","A diario","Fantasia","Ciencia Ficcion","Infantil","J.K. Rowling","William Gibson","George Orwell","3410","14","Infantil","Maurice Sendak","alto","alto"
"Bárbara Cabrera Núñez","cliente92@cliente.com","0990000092","Estudiante","21","Mensual","Fantasia","Ciencia Ficcion","Infantil","Terry Pratchett","Frank Herbert","Arthur C. Clarke","2140","7","Infantil","Lewis Carroll","medio","medio"
"Leonardo Salazar Vargas","cliente93@cliente.com","0990000093","Arquitecto","54","Semanal","Literatura","Fantasia","Autoayuda","Juan Rulfo","Harper Lee","Brandon Sanderson","2180","7","Literatura","J.R.R. Tolkien","medio","alto"
"Roberta Rodríguez Figueroa","cliente94@cliente.com","0990000094","Abogado","42","Mensual","Historia","Literatura","Misterio","Jared Diamond","Charles C. Mann","Gabriel Garcia Marquez","2840","10","Literatura","Jorge Luis Borges","alto","medio"
"Patricio Peralta Morales","cliente95@cliente.com","0990000095","Estudiante","23","Varias veces por semana","Fantasia","Ciencia Ficcion","Infantil","Neil Gaiman","J.K. Rowling","Stanislaw Lem","1320","6","Infantil","Antoine de Saint-Exupery","medio","alto"
"Raúl Prieto Moreno","cliente96@cliente.com","0990000096","Abogado","30","Semanal","Historia","Literatura","Misterio","Charles C. Mann","Charles Dickens","Julio Cortazar","2360","7","Historia","Gabriel Garcia Marquez","medio","alto"
"Fausto Chávez Ibarra","cliente97@cliente.com","0990000097","Electricista","52","A diario","Literatura","Historia","Autoayuda","Gabriel Garcia Marquez","Julio Cortazar","Fiodor Dostoievski","4120","15","Literatura","Charles C. Mann","alto","alto"
"Juan Rivera Ávila","cliente98@cliente.com","0990000098","Diseñador","39","A diario","Literatura","Fantasia","Tecnologia","Harper Lee","Juan Rulfo","Jose Saramago","7630","22","Tecnologia","Robert C. Martin","alto","alto"
"Constanza Ramírez Fuentes","cliente99@cliente.com","0990000099","Estudiante","26","Varias veces por semana","Fantasia","Ciencia Ficcion","Infantil","J.K. Rowling","Stanislaw Lem","Arthur C. Clarke","4000","11","Ciencia Ficcion","J.R.R. Tolkien","alto","alto"
"Ricardo Rangel Ramírez","cliente100@cliente.com","0990000100","Abogado","32","Varias veces por semana","Historia","Literatura","Misterio","Jared Diamond","Franz Kafka","Gabriel Garcia Marquez","4380","16","Literatura","George Orwell","alto","alto"
"Bárbara Medina Flores","cliente101@cliente.com","0990000101","Médico","56","Semanal","Autoayuda","Historia","Literatura","Dale Carnegie","Napoleon Hill","Charles Dickens","720","3","Literatura","Juan Rulfo","bajo","medio"
"Regina Pérez Rivera","cliente102@cliente.com","0990000102","Estudiante","25","Semanal","Fantasia","Ciencia Ficcion","Infantil","Patrick Rothfuss","J.K. Rowling","Stanislaw Lem","990","3","Ciencia Ficcion","Arthur C. Clarke","bajo","medio"
"Elena Jiménez Contreras","cliente103@cliente.com","0990000103","Veterinario","21","Mensual","Literatura","Historia","Autoayuda","Miguel de Cervantes","Jorge Luis Borges","Charles C. Mann","1180","4","Autoayuda","Paulo Coelho","medio","medio"
"Laura Muñoz Paredes","cliente104@cliente.com","0990000104","Constructor","60","Casi nunca","Literatura","Historia","Autoayuda","Fiodor Dostoievski","Hugh Thomas","Yuval Noah Harari","210","1","Autoayuda","Paulo Coelho","bajo","bajo"
"Florencia Lara Reyes","cliente105@cliente.com","0990000105","Contador","20","Mensual","Autoayuda","Historia","Literatura","Malcolm Gladwell","James Clear","Yuval Noah Harari","0","0","","","bajo","bajo"
"Mónica Cortes Molina","cliente106@cliente.com","0990000106","Ingeniero","35","Semanal","Tecnologia","Ciencia Ficcion","Autoayuda","Javier Zarca","Orson Scott Card","Stephen Covey","1080","4","Tecnologia","Marcus Garrido","bajo","medio"
"Oscar Barría Torres","cliente107@cliente.com","0990000107","Ingeniero","32","A diario","Tecnologia","Ciencia Ficcion","Autoayuda","Tom Mitchell","Douglas Adams","Frank Herbert","5960","19","Ciencia Ficcion","Robert C. Martin","alto","alto"
"Lorena López Ortiz","cliente108@cliente.com","0990000108","Médico","35","Semanal","Autoayuda","Historia","Literatura","Stephen Covey","Malcolm Gladwell","Terence D'Altroy","3060","12","Autoayuda","Franz Kafka","alto","alto"
"Fernanda Montero Lara","cliente109@cliente.com","0990000109","Docente","60","Semanal","Historia","Literatura","Autoayuda","Terence D'Altroy","Charles C. Mann","Juan Rulfo","510","2","Historia","Charles Dickens","bajo","medio"
"Marcos Vargas Vidal","cliente110@cliente.com","0990000110","Estudiante","25","Varias veces por semana","Fantasia","Ciencia Ficcion","Infantil","J.R.R. Tolkien","C.S. Lewis","Orson Scott Card","2190","6","Fantasia","C.S. Lewis","medio","alto"
"Ronald Reyes Barría","cliente111@cliente.com","0990000111","Comerciante","31","A diario","Literatura","Historia","Autoayuda","Gabriel Garcia Marquez","Simon Schama","Bill Bryson","6570","24","Literatura","Harper Lee","alto","alto"
"Silvia Espinoza Muñoz","cliente112@cliente.com","0990000112","Estudiante","26","A diario","Fantasia","Ciencia Ficcion","Infantil","Robin Hobb","George R.R. Martin","Ray Bradbury","6120","20","Ciencia Ficcion","Patrick Rothfuss","alto","alto"
"José Lara Ponce","cliente113@cliente.com","0990000113","Estudiante","19","Varias veces por semana","Fantasia","Ciencia Ficcion","Infantil","J.K. Rowling","George R.R. Martin","Rick Riordan","4280","13","Fantasia","C.S. Lewis","alto","alto"
"Roberta Morales Vega","cliente114@cliente.com","0990000114","Docente","29","Mensual","Historia","Literatura","Autoayuda","Hugh Thomas","Charles Dickens","Simon Schama","1370","4","Historia","Charles C. Mann","medio","medio"
"Carlos Zamora León","cliente115@cliente.com","0990000115","Médico","48","Mensual","Autoayuda","Historia","Literatura","Viktor Frankl","Eckhart Tolle","Bill Bryson","420","2","Autoayuda","Paulo Coelho","bajo","bajo"
"Gloria Díaz Cruz","cliente116@cliente.com","0990000116","Abogado","39","Semanal","Historia","Literatura","Misterio","Charles C. Mann","Hugh Thomas","Harper Lee","2090","7","Misterio","Dan Brown","medio","alto"
"Mónica Cruz Montero","cliente117@cliente.com","0990000117","Estudiante","20","Varias veces por semana","Fantasia","Ciencia Ficcion","Infantil","J.R.R. Tolkien","Brandon Sanderson","J.K. Rowling","2860","14","Infantil","L. Frank Baum","alto","alto"
"Valentina Gómez Moreno","cliente118@cliente.com","0990000118","Abogado","45","Casi nunca","Historia","Literatura","Misterio","Yuval Noah Harari","Jared Diamond","Jose Saramago","540","3","Literatura","George Orwell","bajo","bajo"
"Oscar Soto Gómez","cliente119@cliente.com","0990000119","Estudiante","20","Semanal","Fantasia","Ciencia Ficcion","Infantil","J.R.R. Tolkien","Terry Pratchett","Robin Hobb","1950","8","Infantil","Mark Twain","medio","alto"
"Lorena Lara Peña","cliente120@cliente.com","0990000120","Ingeniero","50","Casi nunca","Tecnologia","Ciencia Ficcion","Autoayuda","Javier Zarca","Douglas Adams","Frank Herbert","0","0","","","bajo","bajo"
"Laura Lara Vargas","cliente121@cliente.com","0990000121","Mecánico","33","A diario","Literatura","Historia","Autoayuda","Isabel Allende","José Saramago","Jack Weatherford","5640","22","Literatura","Paulo Coelho","alto","alto"
"Antonella Barría Cruz","cliente122@cliente.com","0990000122","Psicólogo","31","Semanal","Autoayuda","Historia","Literatura","Malcolm Gladwell","Dale Carnegie","Yuval Noah Harari","2190","7","Literatura","Isabel Allende","medio","alto"
"Mónica Herrera Muñoz","cliente123@cliente.com","0990000123","Programador","42","Mensual","Tecnologia","Ciencia Ficcion","Autoayuda","Tom Mitchell","William Gibson","Stephen Covey","1920","6","Tecnologia","Javier Zarca","medio","medio"
"Lorena Jara Pérez","cliente124@cliente.com","0990000124","Estudiante","21","Mensual","Fantasia","Ciencia Ficcion","Infantil","George R.R. Martin","William Gibson","Orson Scott Card","1030","3","Ciencia Ficcion","Douglas Adams","bajo","medio"
"Valeria Rangel Mendoza","cliente125@cliente.com","0990000125","Docente","47","Casi nunca","Historia","Literatura","Autoayuda","Jack Weatherford","Charles Dickens","Jose Saramago","930","3","Historia","Terence N. D'Altroy","bajo","bajo"
"Graciela Ortiz Flores","cliente126@cliente.com","0990000126","Programador","48","Semanal","Tecnologia","Ciencia Ficcion","Autoayuda","Erich Gamma","Andrew Hunt","Aldous Huxley","1900","6","Autoayuda","Frank Herbert","medio","alto"
"Roberta Cabrera Sánchez","cliente127@cliente.com","0990000127","Ingeniero","33","Semanal","Tecnologia","Ciencia Ficcion","Autoayuda","Javier Zarca","Tom Mitchell","William Gibson","520","2","Ciencia Ficcion","George Orwell","bajo","medio"
"Andrés Peña González","cliente128@cliente.com","0990000128","Docente","50","Mensual","Historia","Literatura","Autoayuda","Yuval Noah Harari","Juan Rulfo","Julio Cortazar","2000","8","Autoayuda","Dale Carnegie","medio","medio"
"Constanza Medina Fuentes","cliente129@cliente.com","0990000129","Médico","30","Varias veces por semana","Autoayuda","Historia","Literatura","Malcolm Gladwell","Marie Kondo","Charles Dickens","2260","8","Autoayuda","Viktor Frankl","medio","alto"
"Valentina Lara Rodríguez","cliente130@cliente.com","0990000130","Psicólogo","29","A diario","Autoayuda","Historia","Literatura","Napoleon Hill","Marie Kondo","Stephen Covey","3190","10","Literatura","Charles C. Mann","alto","alto"
"Sergio Sánchez Díaz","cliente131@cliente.com","0990000131","Estudiante","22","A diario","Fantasia","Ciencia Ficcion","Infantil","Terry Pratchett","Ray Bradbury","Lewis Carroll","6210","21","Ciencia Ficcion","Suzanne Collins","alto","alto"
"Martina Muñoz Flores","cliente132@cliente.com","0990000132","Estudiante","20","A diario","Fantasia","Ciencia Ficcion","Infantil","Patrick Rothfuss","C.S. Lewis","George R.R. Martin","5780","21","Fantasia","Patrick Rothfuss","alto","alto"
"Graciela Díaz Lara","cliente133@cliente.com","0990000133","Programador","32","Varias veces por semana","Tecnologia","Ciencia Ficcion","Autoayuda","Paul Maier","Douglas Adams","Stephen Covey","3820","13","Ciencia Ficcion","Carol Dweck","alto","alto"
"Sergio Lara García","cliente134@cliente.com","0990000134","Docente","52","Semanal","Historia","Literatura","Autoayuda","José Saramago","Franz Kafka","Napoleon Hill","1840","6","Literatura","Isabel Allende","medio","alto"
"Pedro Fuentes Lara","cliente135@cliente.com","0990000135","Ingeniero","37","Mensual","Tecnologia","Ciencia Ficcion","Autoayuda","Andrew Hunt","Ray Bradbury","Frank Herbert","1330","4","Tecnologia","Stuart Russell","medio","medio"
"Silvio Morales Silva","cliente136@cliente.com","0990000136","Abogado","51","Mensual","Historia","Literatura","Misterio","José Saramago","Miguel de Cervantes","Juan Rulfo","660","3","Historia","Charles Dickens","bajo","medio"
"Emilia García Torres","cliente137@cliente.com","0990000137","Comerciante","22","Mensual","Literatura","Historia","Autoayuda","Fiodor Dostoievski","Jorge Luis Borges","Hugh Thomas","440","2","Literatura","Harper Lee","bajo","bajo"
"Arturo León Iglesias","cliente138@cliente.com","0990000138","Contador","39","Semanal","Autoayuda","Historia","Tecnologia","James Clear","Eckhart Tolle","Charles C. Mann","0","0","","","bajo","bajo"
"Gloria Sánchez Morales","cliente139@cliente.com","0990000139","Estudiante","26","Semanal","Fantasia","Ciencia Ficcion","Infantil","J.K. Rowling","Patrick Rothfuss","Douglas Adams","935","5","Infantil","Johanna Spyri","bajo","medio"
"José Cabrera Garay","cliente140@cliente.com","0990000140","Contador","53","Mensual","Autoayuda","Historia","Literatura","Viktor Frankl","Malcolm Gladwell","Simon Schama","1750","5","Historia","Charles C. Mann","medio","medio"
"Pedro Cruz García","cliente141@cliente.com","0990000141","Ingeniero","52","Mensual","Tecnologia","Ciencia Ficcion","Autoayuda","Stuart Russell","Isaac Asimov","Paulo Coelho","1770","6","Tecnologia","Andrew Hunt","medio","medio"
"Elena Ortiz Espinoza","cliente142@cliente.com","0990000142","Constructor","24","Varias veces por semana","Literatura","Historia","Autoayuda","Harper Lee","Bill Bryson","Stephen Covey","3400","12","Autoayuda","Charles C. Mann","alto","alto"
"Camila Vidal Rangel","cliente143@cliente.com","0990000143","Programador","54","Semanal","Tecnologia","Ciencia Ficcion","Autoayuda","Tom Mitchell","George Orwell","James Clear","0","0","","","bajo","bajo"
"Carolina Sánchez Rivera","cliente144@cliente.com","0990000144","Programador","56","Semanal","Tecnologia","Ciencia Ficcion","Autoayuda","Thomas Cormen","Orson Scott Card","Viktor Frankl","2400","10","Autoayuda","Ray Bradbury","medio","alto"
"Silvia Rivera Cortes","cliente145@cliente.com","0990000145","Arquitecto","53","A diario","Literatura","Fantasia","Autoayuda","Harper Lee","Isabel Allende","Miguel de Cervantes","4120","15","Literatura","James Clear","alto","alto"
"Leonardo Moreno Rangel","cliente146@cliente.com","0990000146","Abogado","63","Casi nunca","Historia","Literatura","Misterio","Terence D'Altroy","Hugh Thomas","Charles Dickens","0","0","","","bajo","bajo"
"Diego Ramírez Figueroa","cliente147@cliente.com","0990000147","Chef","53","Casi nunca","Historia","Literatura","Autoayuda","José Saramago","Hugh Thomas","Bill Bryson","240","1","Autoayuda","Eckhart Tolle","bajo","bajo"
"Miguel Mendoza Sánchez","cliente148@cliente.com","0990000148","Contador","46","Semanal","Autoayuda","Historia","Literatura","Marie Kondo","Yuval Noah Harari","Bill Bryson","1710","6","Historia","Charles Dickens","medio","alto"
"Daniela Cárdenas Sánchez","cliente149@cliente.com","0990000149","Ingeniero","40","Mensual","Tecnologia","Ciencia Ficcion","Autoayuda","Susan Cruz","Marcus Garrido","Arthur C. Clarke","620","2","Ciencia Ficcion","Suzanne Collins","bajo","bajo"
"Sergio Bustos Contreras","cliente150@cliente.com","0990000150","Abogado","38","Varias veces por semana","Historia","Literatura","Misterio","Terence D'Altroy","Miguel de Cervantes","Dan Brown","860","3","Literatura","Harper Lee","bajo","alto"
"Florencia Flores Gómez","cliente151@cliente.com","0990000151","Ingeniero","39","Mensual","Tecnologia","Ciencia Ficcion","Autoayuda","Stuart Russell","Tom Mitchell","Javier Zarca","850","3","Ciencia Ficcion","Isaac Asimov","bajo","medio"
"Sebastián Cortes Navarrete","cliente152@cliente.com","0990000152","Programador","57","Casi nunca","Tecnologia","Ciencia Ficcion","Autoayuda","Marcus Garrido","Paul Maier","Stanislaw Lem","0","0","","","bajo","bajo"
"Silvio Vidal Bustos","cliente153@cliente.com","0990000153","Docente","33","A diario","Historia","Literatura","Autoayuda","Bill Bryson","Harper Lee","Marie Kondo","4870","16","Literatura","Winston Churchill","alto","alto"
"Felipe Zamora Lara","cliente154@cliente.com","0990000154","Mecánico","39","Mensual","Literatura","Historia","Autoayuda","Gabriel Garcia Marquez","Jorge Luis Borges","Terence D'Altroy","0","0","","","bajo","bajo"
"Luis Vásquez Fuentes","cliente155@cliente.com","0990000155","Psicólogo","43","Casi nunca","Autoayuda","Historia","Literatura","Carol Dweck","Dale Carnegie","Paulo Coelho","0","0","","","bajo","bajo"
"Graciela Reyes Chávez","cliente156@cliente.com","0990000156","Diseñador","22","Varias veces por semana","Literatura","Fantasia","Ciencia Ficcion","Jorge Luis Borges","Jose Saramago","Juan Rulfo","900","3","Ciencia Ficcion","Isaac Asimov","bajo","alto"
"Roberta Medina Moreno","cliente157@cliente.com","0990000157","Diseñador","22","Semanal","Literatura","Fantasia","Tecnologia","Julio Cortazar","Juan Rulfo","Rick Riordan","0","0","","","bajo","bajo"
"Silvia Salazar Castillo","cliente158@cliente.com","0990000158","Estudiante","18","Varias veces por semana","Fantasia","Ciencia Ficcion","Infantil","George R.R. Martin","C.S. Lewis","George Orwell","3460","10","Ciencia Ficcion","J.R.R. Tolkien","alto","alto"
"José Rivera Herrera","cliente159@cliente.com","0990000159","Enfermero","45","Semanal","Literatura","Historia","Autoayuda","Franz Kafka","Miguel de Cervantes","Fiodor Dostoievski","860","4","Literatura","Franz Kafka","bajo","medio"
"José Núñez Ortiz","cliente160@cliente.com","0990000160","Contador","53","Mensual","Autoayuda","Historia","Ciencia Ficcion","Malcolm Gladwell","Napoleon Hill","José Saramago","270","1","Autoayuda","Dale Carnegie","bajo","bajo"
"Fausto Medina Rangel","cliente161@cliente.com","0990000161","Médico","65","Casi nunca","Autoayuda","Historia","Literatura","Marie Kondo","Napoleon Hill","José Saramago","0","0","","","bajo","bajo"
"Fernanda Flores Díaz","cliente162@cliente.com","0990000162","Ingeniero","40","A diario","Tecnologia","Ciencia Ficcion","Autoayuda","Thomas Cormen","Ray Bradbury","Isaac Asimov","890","3","Ciencia Ficcion","Suzanne Collins","bajo","alto"
"Emilio Ibarra Barrera","cliente163@cliente.com","0990000163","Periodista","22","A diario","Historia","Literatura","Misterio","Simon Schama","Charles Dickens","Jose Saramago","4030","13","Literatura","Jose Saramago","alto","alto"
"Constanza Ibarra Contreras","cliente164@cliente.com","0990000164","Estudiante","20","A diario","Fantasia","Ciencia Ficcion","Infantil","C.S. Lewis","George Orwell","Lewis Carroll","3610","13","Infantil","Roald Dahl","alto","alto"
"Pablo Fuentes Medina","cliente165@cliente.com","0990000165","Médico","58","Mensual","Autoayuda","Historia","Literatura","Malcolm Gladwell","José Saramago","Fiodor Dostoievski","1960","6","Historia","Jared Diamond","medio","medio"
"Arturo Ibarra Muñoz","cliente166@cliente.com","0990000166","Estudiante","21","A diario","Fantasia","Ciencia Ficcion","Infantil","Patrick Rothfuss","William Gibson","E.B. White","3950","13","Ciencia Ficcion","Isaac Asimov","alto","alto"
"Patricio Morales Barría","cliente167@cliente.com","0990000167","Psicólogo","45","Semanal","Autoayuda","Historia","Literatura","Viktor Frankl","Malcolm Gladwell","Terence D'Altroy","1780","5","Historia","Yuval Noah Harari","medio","medio"
"Mónica Fuentes Pizarro","cliente168@cliente.com","0990000168","Comerciante","22","Semanal","Literatura","Historia","Autoayuda","Juan Rulfo","Jorge Luis Borges","Harper Lee","3720","12","Autoayuda","Malcolm Gladwell","alto","alto"
"Roberta Martínez Morales","cliente169@cliente.com","0990000169","Abogado","44","Semanal","Historia","Literatura","Misterio","Hugh Thomas","Bill Bryson","Fiodor Dostoievski","1880","5","Historia","Jared Diamond","medio","medio"
"Sofía Morales Cruz","cliente170@cliente.com","0990000170","Contador","28","A diario","Autoayuda","Historia","Literatura","Marie Kondo","Yuval Noah Harari","Charles C. Mann","4860","15","Historia","Yuval Noah Harari","alto","alto"
"Beatriz García Martínez","cliente171@cliente.com","0990000171","Contador","48","A diario","Autoayuda","Historia","Infantil","Marie Kondo","Jack Weatherford","Charles Dickens","1690","6","Autoayuda","James Clear","medio","alto"
"Silvia Torres Zamora","cliente172@cliente.com","0990000172","Arquitecto","54","A diario","Literatura","Fantasia","Misterio","Fiodor Dostoievski","C.S. Lewis","George R.R. Martin","6710","20","Fantasia","J.K. Rowling","alto","alto"
"Diego Mendoza García","cliente173@cliente.com","0990000173","Contador","53","Semanal","Autoayuda","Historia","Tecnologia","Stephen Covey","Terence D'Altroy","Jack Weatherford","1530","5","Autoayuda","Dale Carnegie","medio","medio"
"Mauricio Gómez Cruz","cliente174@cliente.com","0990000174","Psicólogo","23","A diario","Autoayuda","Historia","Literatura","Napoleon Hill","Hugh Thomas","Simon Schama","2080","7","Autoayuda","Hugh Thomas","medio","alto"
"Tomás Prieto Lara","cliente175@cliente.com","0990000175","Diseñador","43","Mensual","Literatura","Fantasia","Infantil","Harper Lee","Terry Pratchett","J.R.R. Tolkien","1700","4","Fantasia","J.R.R. Tolkien","medio","medio"
"Lorena Rodríguez Espinoza","cliente176@cliente.com","0990000176","Docente","43","Casi nunca","Historia","Literatura","Autoayuda","Simon Schama","Harper Lee","Malcolm Gladwell","0","0","","","bajo","bajo"
"Bárbara León González","cliente177@cliente.com","0990000177","Ingeniero","24","Mensual","Tecnologia","Ciencia Ficcion","Autoayuda","Tom Mitchell","Robert C. Martin","George Orwell","810","3","Autoayuda","Dale Carnegie","bajo","medio"
"Sofía Morales González","cliente178@cliente.com","0990000178","Arquitecto","35","Semanal","Literatura","Fantasia","Tecnologia","Julio Cortazar","Gabriel Garcia Marquez","Patrick Rothfuss","1590","5","Tecnologia","Andrew Hunt","medio","medio"
"José Cárdenas Reyes","cliente179@cliente.com","0990000179","Periodista","31","A diario","Historia","Literatura","Misterio","José Saramago","Charles Dickens","Jorge Luis Borges","6680","25","Literatura","Harper Lee","alto","alto"
"Gonzalo Medina Rivera","cliente180@cliente.com","0990000180","Estudiante","23","A diario","Fantasia","Ciencia Ficcion","Infantil","J.R.R. Tolkien","Douglas Adams","Aldous Huxley","5370","18","Infantil","J.R.R. Tolkien","alto","alto"
"Juan Gómez Moreno","cliente181@cliente.com","0990000181","Comerciante","28","Mensual","Literatura","Historia","Autoayuda","Franz Kafka","Jorge Luis Borges","Terence D'Altroy","1100","4","Literatura","Julio Cortazar","bajo","medio"
"Silvia Rivera Ibarra","cliente182@cliente.com","0990000182","Contador","54","Casi nunca","Autoayuda","Historia","Fantasia","Carol Dweck","Jared Diamond","Bill Bryson","0","0","","","bajo","bajo"
"Carmen Morales Muñoz","cliente183@cliente.com","0990000183","Ingeniero","51","Semanal","Tecnologia","Ciencia Ficcion","Autoayuda","Tom Mitchell","Paul Maier","Orson Scott Card","1810","7","Ciencia Ficcion","Aldous Huxley","medio","alto"
"Mónica Núñez Vargas","cliente184@cliente.com","0990000184","Estudiante","23","A diario","Fantasia","Ciencia Ficcion","Infantil","Patrick Rothfuss","Frank Herbert","Isaac Asimov","3505","13","Infantil","E.B. White","alto","alto"
"Emilia Pizarro Castillo","cliente185@cliente.com","0990000185","Psicólogo","48","Casi nunca","Autoayuda","Historia","Literatura","Napoleon Hill","Carol Dweck","Hugh Thomas","0","0","","","bajo","bajo"
"Eugenio Lara Castillo","cliente186@cliente.com","0990000186","Ingeniero","27","Semanal","Tecnologia","Ciencia Ficcion","Autoayuda","Marcus Garrido","Paul Maier","Ray Bradbury","1990","7","Ciencia Ficcion","Isaac Asimov","medio","alto"
"Pablo Torres Jiménez","cliente187@cliente.com","0990000187","Contador","35","Mensual","Autoayuda","Historia","Literatura","James Clear","Napoleon Hill","Carol Dweck","690","3","Literatura","Jorge Luis Borges","bajo","medio"
"Felipe Cruz Salazar","cliente188@cliente.com","0990000188","Estudiante","23","Semanal","Fantasia","Ciencia Ficcion","Infantil","Rick Riordan","Arthur C. Clarke","Ray Bradbury","960","3","Fantasia","Rick Riordan","bajo","medio"
"Natalia Rivera Castillo","cliente189@cliente.com","0990000189","Comerciante","54","Casi nunca","Literatura","Historia","Autoayuda","Fiodor Dostoievski","Jack Weatherford","Napoleon Hill","0","0","","","bajo","bajo"
"Alejandra Vega Gómez","cliente190@cliente.com","0990000190","Abogado","45","A diario","Historia","Literatura","Misterio","Hugh Thomas","Fiodor Dostoievski","Harper Lee","4990","17","Historia","Bill Bryson","alto","alto"
"Oscar Herrera Rivera","cliente191@cliente.com","0990000191","Ingeniero","53","Casi nunca","Tecnologia","Ciencia Ficcion","Autoayuda","Erich Gamma","Tom Mitchell","Orson Scott Card","0","0","","","bajo","bajo"
"Florencia García Gómez","cliente192@cliente.com","0990000192","Médico","58","Casi nunca","Autoayuda","Historia","Literatura","James Clear","Marie Kondo","Bill Bryson","930","3","Literatura","Isabel Allende","bajo","bajo"
"Valentina Castillo Martínez","cliente193@cliente.com","0990000193","Ingeniero","42","Semanal","Tecnologia","Ciencia Ficcion","Autoayuda","Erich Gamma","Stuart Russell","Paul Maier","920","3","Ciencia Ficcion","Suzanne Collins","bajo","medio"
"Javier Vargas Barría","cliente194@cliente.com","0990000194","Constructor","49","A diario","Literatura","Historia","Autoayuda","Miguel de Cervantes","Terence D'Altroy","Eckhart Tolle","4610","15","Historia","Simon Schama","alto","alto"
"Florencia Paredes Salazar","cliente195@cliente.com","0990000195","Médico","35","Varias veces por semana","Autoayuda","Historia","Literatura","Carol Dweck","Jack Weatherford","Charles Dickens","2870","9","Historia","Bill Bryson","alto","alto"
"Regina Barría Herrera","cliente196@cliente.com","0990000196","Diseñador","49","Semanal","Literatura","Fantasia","Infantil","Isabel Allende","Neil Gaiman","Maurice Sendak","0","0","","","bajo","bajo"
"Héctor Garay Gómez","cliente197@cliente.com","0990000197","Estudiante","18","Varias veces por semana","Fantasia","Ciencia Ficcion","Infantil","J.R.R. Tolkien","Frank Herbert","E.B. White","1980","5","Fantasia","Patrick Rothfuss","medio","alto"
"Regina Lara Ramírez","cliente198@cliente.com","0990000198","Programador","22","A diario","Tecnologia","Ciencia Ficcion","Autoayuda","Erich Gamma","Arthur C. Clarke","Stephen Covey","1470","5","Autoayuda","Dale Carnegie","medio","alto"
"Felipe Ávila Flores","cliente199@cliente.com","0990000199","Estudiante","23","Mensual","Fantasia","Ciencia Ficcion","Infantil","Terry Pratchett","Aldous Huxley","Frank Herbert","1485","7","Infantil","Mark Twain","medio","medio"
"Ana Ramírez Figueroa","cliente200@cliente.com","0990000200","Médico","48","A diario","Autoayuda","Historia","Literatura","Dale Carnegie","Charles Dickens","Terence D'Altroy","4970","17","Literatura","Yuval Noah Harari","alto","alto"
"Isabel Castillo Contreras","cliente201@cliente.com","0990000201","Ingeniero","53","Semanal","Tecnologia","Ciencia Ficcion","Autoayuda","Marcus Garrido","Susan Cruz","Douglas Adams","2610","10","Autoayuda","Stephen Covey","medio","alto"
"Alberto Moreno Gómez","cliente202@cliente.com","0990000202","Docente","29","Varias veces por semana","Historia","Literatura","Autoayuda","Simon Schama","Juan Rulfo","Julio Cortazar","0","0","","","bajo","medio"
"Fernando Bustos Ramírez","cliente203@cliente.com","0990000203","Contador","26","Varias veces por semana","Autoayuda","Historia","Literatura","James Clear","Malcolm Gladwell","Charles C. Mann","2250","7","Historia","James Clear","medio","alto"
"Ana Jara Fuentes","cliente204@cliente.com","0990000204","Estudiante","21","A diario","Fantasia","Ciencia Ficcion","Infantil","Terry Pratchett","Brandon Sanderson","Neil Gaiman","3145","12","Ciencia Ficcion","J.K. Rowling","alto","alto"
"Lorena Vega Barría","cliente205@cliente.com","0990000205","Docente","58","Semanal","Historia","Literatura","Autoayuda","José Saramago","Terence D'Altroy","Jose Saramago","690","3","Literatura","Jorge Luis Borges","bajo","medio"
"José Herrera García","cliente206@cliente.com","0990000206","Estudiante","25","A diario","Fantasia","Ciencia Ficcion","Infantil","George R.R. Martin","J.R.R. Tolkien","Aldous Huxley","1440","7","Infantil","Maurice Sendak","medio","alto"
"Valentina García García","cliente207@cliente.com","0990000207","Médico","53","Casi nunca","Autoayuda","Historia","Literatura","James Clear","Napoleon Hill","Yuval Noah Harari","0","0","","","bajo","bajo"
"Ana Vargas Torres","cliente208@cliente.com","0990000208","Estudiante","26","A diario","Fantasia","Ciencia Ficcion","Infantil","J.R.R. Tolkien","Frank Herbert","George Orwell","5150","16","Fantasia","J.K. Rowling","alto","alto"
"Rodrigo Ávila Reyes","cliente209@cliente.com","0990000209","Psicólogo","54","Casi nunca","Autoayuda","Historia","Literatura","Dale Carnegie","Stephen Covey","Marie Kondo","0","0","","","bajo","bajo"
"Arturo Morales Lara","cliente210@cliente.com","0990000210","Ingeniero","52","Casi nunca","Tecnologia","Ciencia Ficcion","Autoayuda","Paul Maier","Erich Gamma","Javier Zarca","270","1","Autoayuda","Dale Carnegie","bajo","bajo"
"Patricio Medina Reyes","cliente211@cliente.com","0990000211","Diseñador","33","Varias veces por semana","Literatura","Fantasia","Tecnologia","Fiodor Dostoievski","Gabriel Garcia Marquez","J.R.R. Tolkien","2250","8","Literatura","Javier Zarca","medio","alto"
"María Salazar Barría","cliente212@cliente.com","0990000212","Psicólogo","38","Mensual","Autoayuda","Historia","Literatura","James Clear","Stephen Covey","Terence D'Altroy","560","2","Literatura","Miguel de Cervantes","bajo","bajo"
"Carmen Cárdenas Díaz","cliente213@cliente.com","0990000213","Estudiante","22","A diario","Fantasia","Ciencia Ficcion","Infantil","J.R.R. Tolkien","George R.R. Martin","Terry Pratchett","2710","13","Infantil","Antoine de Saint-Exupery","medio","alto"
"Sebastián Ávila Jara","cliente214@cliente.com","0990000214","Estudiante","25","Varias veces por semana","Fantasia","Ciencia Ficcion","Infantil","Robin Hobb","Ray Bradbury","Dr. Seuss","5110","17","Ciencia Ficcion","Lewis Carroll","alto","alto"
"Tomás Gómez Barrera","cliente215@cliente.com","0990000215","Docente","52","A diario","Historia","Literatura","Autoayuda","Jared Diamond","Miguel de Cervantes","Jorge Luis Borges","3860","13","Literatura","Hugh Thomas","alto","alto"
"Lorena Espinoza Lara","cliente216@cliente.com","0990000216","Chef","21","Mensual","Historia","Literatura","Tecnologia","Jared Diamond","Julio Cortazar","Jorge Luis Borges","0","0","","","bajo","bajo"
"Hugo Guerrero Fuentes","cliente217@cliente.com","0990000217","Médico","60","Casi nunca","Autoayuda","Historia","Literatura","Paulo Coelho","Dale Carnegie","José Saramago","0","0","","","bajo","bajo"
"Carlos Mendoza Morales","cliente218@cliente.com","0990000218","Estudiante","18","Varias veces por semana","Fantasia","Ciencia Ficcion","Infantil","Patrick Rothfuss","Terry Pratchett","Neil Gaiman","3105","12","Infantil","L. Frank Baum","alto","alto"
"Patricia Salazar Núñez","cliente219@cliente.com","0990000219","Psicólogo","27","Semanal","Autoayuda","Historia","Literatura","Paulo Coelho","Hugh Thomas","Jared Diamond","1500","4","Historia","Jared Diamond","medio","medio"
"Patricia Barrera Sánchez","cliente220@cliente.com","0990000220","Estudiante","23","Varias veces por semana","Fantasia","Ciencia Ficcion","Infantil","Patrick Rothfuss","Robin Hobb","J.R.R. Tolkien","3840","11","Fantasia","Patrick Rothfuss","alto","alto"
"Sofía Díaz Díaz","cliente221@cliente.com","0990000221","Electricista","36","A diario","Literatura","Historia","Autoayuda","Fiodor Dostoievski","José Saramago","Yuval Noah Harari","4210","16","Autoayuda","Stephen Covey","alto","alto"
"Graciela Reyes Contreras","cliente222@cliente.com","0990000222","Ingeniero","32","A diario","Tecnologia","Ciencia Ficcion","Autoayuda","Tom Mitchell","Paul Maier","Frank Herbert","1170","5","Autoayuda","Napoleon Hill","bajo","alto"
"Miguel Jiménez Bravo","cliente223@cliente.com","0990000223","Estudiante","22","Varias veces por semana","Fantasia","Ciencia Ficcion","Infantil","J.R.R. Tolkien","C.S. Lewis","William Gibson","3230","13","Infantil","E.B. White","alto","alto"
"Ramón Ávila Ponce","cliente224@cliente.com","0990000224","Diseñador","24","Semanal","Literatura","Fantasia","Misterio","Jose Saramago","George R.R. Martin","Rick Riordan","1880","5","Fantasia","Neil Gaiman","medio","medio"
"Ronald Herrera González","cliente225@cliente.com","0990000225","Médico","30","Varias veces por semana","Autoayuda","Historia","Literatura","Eckhart Tolle","Hugh Thomas","Isabel Allende","4310","13","Historia","Winston Churchill","alto","alto"
"Samuel Cruz León","cliente226@cliente.com","0990000226","Estudiante","25","Varias veces por semana","Fantasia","Ciencia Ficcion","Infantil","J.K. Rowling","Douglas Adams","Frank Herbert","4330","17","Ciencia Ficcion","Ray Bradbury","alto","alto"
"Pedro Herrera Mendoza","cliente227@cliente.com","0990000227","Psicólogo","31","Varias veces por semana","Autoayuda","Historia","Literatura","Napoleon Hill","Paulo Coelho","Carol Dweck","2630","10","Literatura","James Clear","medio","alto"
"Gloria Barrera Díaz","cliente228@cliente.com","0990000228","Abogado","48","Casi nunca","Historia","Literatura","Misterio","Charles C. Mann","Bill Bryson","Jorge Luis Borges","0","0","","","bajo","bajo"
"Leonardo Cruz Cruz","cliente229@cliente.com","0990000229","Estudiante","24","Varias veces por semana","Fantasia","Ciencia Ficcion","Infantil","Patrick Rothfuss","Robin Hobb","William Gibson","2880","11","Ciencia Ficcion","Mark Twain","alto","alto"
"José Cárdenas Barría","cliente230@cliente.com","0990000230","Chef","48","Casi nunca","Historia","Literatura","Autoayuda","Charles C. Mann","José Saramago","Simon Schama","440","2","Historia","Charles Dickens","bajo","bajo"
"Fernanda Muñoz Cruz","cliente231@cliente.com","0990000231","Docente","33","Mensual","Historia","Literatura","Autoayuda","Jack Weatherford","Yuval Noah Harari","Juan Rulfo","870","3","Autoayuda","James Clear","bajo","medio"
"Héctor Figueroa Díaz","cliente232@cliente.com","0990000232","Estudiante","21","A diario","Fantasia","Ciencia Ficcion","Infantil","Terry Pratchett","Brandon Sanderson","Douglas Adams","6455","24","Infantil","Mark Twain","alto","alto"
"Verónica Jiménez Reyes","cliente233@cliente.com","0990000233","Comerciante","27","Varias veces por semana","Literatura","Historia","Autoayuda","Isabel Allende","Fiodor Dostoievski","Simon Schama","3330","13","Autoayuda","Malcolm Gladwell","alto","alto"
"Patricia Vidal Flores","cliente234@cliente.com","0990000234","Abogado","46","A diario","Historia","Literatura","Misterio","Hugh Thomas","Julio Cortazar","Franz Kafka","3810","12","Literatura","Gabriel Garcia Marquez","alto","alto"
"Ramón Lara Romero","cliente235@cliente.com","0990000235","Estudiante","21","A diario","Fantasia","Ciencia Ficcion","Infantil","Terry Pratchett","George R.R. Martin","J.K. Rowling","5700","21","Ciencia Ficcion","Antoine de Saint-Exupery","alto","alto"
"Natalia Herrera Garay","cliente236@cliente.com","0990000236","Enfermero","20","Varias veces por semana","Literatura","Historia","Autoayuda","Fiodor Dostoievski","Isabel Allende","Charles C. Mann","3070","11","Literatura","George Orwell","alto","alto"
"Lucas Ortiz Barría","cliente237@cliente.com","0990000237","Docente","41","Casi nunca","Historia","Literatura","Autoayuda","Hugh Thomas","Charles Dickens","Terence D'Altroy","0","0","","","bajo","bajo"
"Beatriz Cárdenas Gómez","cliente238@cliente.com","0990000238","Estudiante","24","Mensual","Fantasia","Ciencia Ficcion","Infantil","J.R.R. Tolkien","Robin Hobb","Douglas Adams","0","0","","","bajo","bajo"
"Verónica Peralta Montero","cliente239@cliente.com","0990000239","Constructor","49","Semanal","Literatura","Historia","Autoayuda","Fiodor Dostoievski","Julio Cortazar","Jorge Luis Borges","600","3","Literatura","Franz Kafka","bajo","medio"
"Iván Flores González","cliente240@cliente.com","0990000240","Ingeniero","51","Semanal","Tecnologia","Ciencia Ficcion","Autoayuda","Stuart Russell","Tom Mitchell","Paul Maier","1100","4","Autoayuda","Marcus Garrido","bajo","medio"
"Mónica Prieto Romero","cliente241@cliente.com","0990000241","Docente","27","Semanal","Historia","Literatura","Autoayuda","Jared Diamond","Simon Schama","Jorge Luis Borges","1080","3","Historia","Charles C. Mann","bajo","medio"
"Diego Bravo Reyes","cliente242@cliente.com","0990000242","Estudiante","25","Varias veces por semana","Fantasia","Ciencia Ficcion","Infantil","J.K. Rowling","C.S. Lewis","Ray Bradbury","1740","5","Fantasia","Rick Riordan","medio","alto"
"Constanza Guerrero Muñoz","cliente243@cliente.com","0990000243","Estudiante","21","Varias veces por semana","Fantasia","Ciencia Ficcion","Infantil","C.S. Lewis","Ray Bradbury","Stanislaw Lem","2625","11","Infantil","Stanislaw Lem","medio","alto"
"Miguel Muñoz Ibarra","cliente244@cliente.com","0990000244","Arquitecto","52","Casi nunca","Literatura","Fantasia","Misterio","Juan Rulfo","Isabel Allende","Jose Saramago","0","0","","","bajo","bajo"
"Alejandra Figueroa Reyes","cliente245@cliente.com","0990000245","Estudiante","20","A diario","Fantasia","Ciencia Ficcion","Infantil","Robin Hobb","Brandon Sanderson","Terry Pratchett","3550","12","Ciencia Ficcion","J.R.R. Tolkien","alto","alto"
"Gloria Vargas Ortiz","cliente246@cliente.com","0990000246","Arquitecto","31","Semanal","Literatura","Fantasia","Infantil","Jorge Luis Borges","Julio Cortazar","George R.R. Martin","2530","8","Fantasia","Juan Rulfo","medio","alto"
"Andrea Sánchez Vargas","cliente247@cliente.com","0990000247","Docente","26","Semanal","Historia","Literatura","Autoayuda","Jack Weatherford","Terence D'Altroy","Fiodor Dostoievski","930","3","Literatura","Isabel Allende","bajo","medio"
"Emilia Molina Vidal","cliente248@cliente.com","0990000248","Enfermero","22","A diario","Literatura","Historia","Autoayuda","Jorge Luis Borges","Bill Bryson","Yuval Noah Harari","2200","10","Autoayuda","Paulo Coelho","medio","alto"
"Daniel Bravo Ávila","cliente249@cliente.com","0990000249","Programador","32","Mensual","Tecnologia","Ciencia Ficcion","Autoayuda","Paul Maier","Thomas Cormen","Javier Zarca","0","0","","","bajo","bajo"
"Jorge Castillo Lara","cliente250@cliente.com","0990000250","Diseñador","27","Varias veces por semana","Literatura","Fantasia","Ciencia Ficcion","Jose Saramago","Juan Rulfo","Fiodor Dostoievski","3670","11","Ciencia Ficcion","Isaac Asimov","alto","alto"
"Gloria Rangel Ponce","cliente251@cliente.com","0990000251","Docente","28","Mensual","Historia","Literatura","Autoayuda","Simon Schama","Gabriel Garcia Marquez","Julio Cortazar","0","0","","","bajo","bajo"
"Elena Lara Peña","cliente252@cliente.com","0990000252","Estudiante","19","Varias veces por semana","Fantasia","Ciencia Ficcion","Infantil","Patrick Rothfuss","Neil Gaiman","Douglas Adams","2600","6","Fantasia","J.R.R. Tolkien","medio","alto"
"Alejandro Cortes Díaz","cliente253@cliente.com","0990000253","Periodista","20","A diario","Historia","Literatura","Misterio","Charles Dickens","José Saramago","Bill Bryson","3085","11","Literatura","Gabriel Garcia Marquez","alto","alto"
"Alejandra Castillo Bravo","cliente254@cliente.com","0990000254","Estudiante","22","A diario","Fantasia","Ciencia Ficcion","Infantil","Robin Hobb","Arthur C. Clarke","Ray Bradbury","2630","10","Infantil","J.M. Barrie","medio","alto"
"Andrés Salazar Montero","cliente255@cliente.com","0990000255","Comerciante","23","Varias veces por semana","Literatura","Historia","Autoayuda","Fiodor Dostoievski","Gabriel Garcia Marquez","Hugh Thomas","1250","6","Autoayuda","Paulo Coelho","medio","alto"
"Fernanda Cruz Prieto","cliente256@cliente.com","0990000256","Estudiante","26","Semanal","Fantasia","Ciencia Ficcion","Infantil","Brandon Sanderson","William Gibson","Lewis Carroll","815","3","Fantasia","Rick Riordan","bajo","medio"
"Regina Soto Peña","cliente257@cliente.com","0990000257","Estudiante","19","Varias veces por semana","Fantasia","Ciencia Ficcion","Infantil","Rick Riordan","William Gibson","Stanislaw Lem","2480","10","Ciencia Ficcion","Stanislaw Lem","medio","alto"
"Fernanda Reyes Morales","cliente258@cliente.com","0990000258","Ingeniero","43","Mensual","Tecnologia","Ciencia Ficcion","Autoayuda","Robert C. Martin","Javier Zarca","Orson Scott Card","1550","5","Autoayuda","Stephen Covey","medio","medio"
"Bárbara Fuentes Chávez","cliente259@cliente.com","0990000259","Abogado","45","A diario","Historia","Literatura","Misterio","Bill Bryson","Jack Weatherford","Charles Dickens","4390","16","Literatura","Jorge Luis Borges","alto","alto"
"Javier Romero Ortiz","cliente260@cliente.com","0990000260","Estudiante","24","Varias veces por semana","Fantasia","Ciencia Ficcion","Infantil","Neil Gaiman","Frank Herbert","Isaac Asimov","1415","6","Infantil","Antoine de Saint-Exupery","medio","alto"
"Gloria Medina Peña","cliente261@cliente.com","0990000261","Docente","57","Mensual","Historia","Literatura","Autoayuda","Hugh Thomas","Jose Saramago","Marie Kondo","420","1","Historia","Winston Churchill","bajo","bajo"
"Carlos López Cruz","cliente262@cliente.com","0990000262","Estudiante","21","A diario","Fantasia","Ciencia Ficcion","Infantil","Neil Gaiman","Aldous Huxley","Douglas Adams","2040","6","Fantasia","Isaac Asimov","medio","alto"
"Rosa Medina Soto","cliente263@cliente.com","0990000263","Docente","45","A diario","Historia","Literatura","Autoayuda","Simon Schama","Terence D'Altroy","Miguel de Cervantes","2310","9","Autoayuda","Carol Dweck","medio","alto"
"Andrea Morales Jara","cliente264@cliente.com","0990000264","Estudiante","25","A diario","Fantasia","Ciencia Ficcion","Infantil","Brandon Sanderson","C.S. Lewis","William Gibson","2595","12","Infantil","E.B. White","medio","alto"
"Gonzalo González Medina","cliente265@cliente.com","0990000265","Docente","48","Semanal","Historia","Literatura","Autoayuda","Simon Schama","Isabel Allende","Jose Saramago","1770","6","Literatura","Harper Lee","medio","alto"
"Alberto Ortiz Martínez","cliente266@cliente.com","0990000266","Diseñador","24","Varias veces por semana","Literatura","Fantasia","Romance","Jorge Luis Borges","Rick Riordan","Isabel Allende","3685","15","Literatura","Isabel Allende","alto","alto"
"Patricia Moreno Medina","cliente267@cliente.com","0990000267","Estudiante","26","Varias veces por semana","Fantasia","Ciencia Ficcion","Infantil","Patrick Rothfuss","Terry Pratchett","William Gibson","4560","17","Ciencia Ficcion","Orson Scott Card","alto","alto"
"Santiago Pizarro Carrasco","cliente268@cliente.com","0990000268","Docente","34","Semanal","Historia","Literatura","Autoayuda","Jared Diamond","Jorge Luis Borges","Malcolm Gladwell","1070","5","Autoayuda","Marie Kondo","bajo","medio"
"Ana Vidal Ponce","cliente269@cliente.com","0990000269","Enfermero","26","Semanal","Literatura","Historia","Autoayuda","Jose Saramago","Miguel de Cervantes","Terence D'Altroy","320","1","Historia","Bill Bryson","bajo","medio"
"Roberta Pizarro Cárdenas","cliente270@cliente.com","0990000270","Estudiante","22","A diario","Fantasia","Ciencia Ficcion","Infantil","Neil Gaiman","George R.R. Martin","Terry Pratchett","2350","9","Ciencia Ficcion","Isaac Asimov","medio","alto"
"Carolina García Pérez","cliente271@cliente.com","0990000271","Docente","27","Varias veces por semana","Historia","Literatura","Autoayuda","Hugh Thomas","Julio Cortazar","Gabriel Garcia Marquez","4040","15","Literatura","Miguel de Cervantes","alto","alto"
"Valentina Muñoz Guerrero","cliente272@cliente.com","0990000272","Ingeniero","41","Semanal","Tecnologia","Ciencia Ficcion","Autoayuda","Susan Cruz","Javier Zarca","Stuart Russell","0","0","","","bajo","bajo"
"Juan Guerrero León","cliente273@cliente.com","0990000273","Diseñador","52","Semanal","Literatura","Fantasia","Ciencia Ficcion","Franz Kafka","Jose Saramago","Gabriel Garcia Marquez","0","0","","","bajo","bajo"
"Daniel Rivera Morales","cliente274@cliente.com","0990000274","Contador","34","A diario","Autoayuda","Historia","Misterio","Malcolm Gladwell","Stephen Covey","Charles C. Mann","4005","14","Misterio","Scott Turow","alto","alto"
"Fernando Navarrete Martínez","cliente275@cliente.com","0990000275","Estudiante","21","Mensual","Fantasia","Ciencia Ficcion","Infantil","Patrick Rothfuss","William Gibson","Mark Twain","2805","11","Infantil","L. Frank Baum","medio","medio"
"Alberto Bravo Mendoza","cliente276@cliente.com","0990000276","Docente","29","Mensual","Historia","Literatura","Autoayuda","Yuval Noah Harari","Simon Schama","Franz Kafka","2970","9","Historia","Terence N. D'Altroy","alto","medio"
"César Paredes Zamora","cliente277@cliente.com","0990000277","Docente","33","A diario","Historia","Literatura","Autoayuda","Charles C. Mann","Yuval Noah Harari","Jack Weatherford","760","2","Historia","Yuval Noah Harari","bajo","medio"
"Gonzalo Pérez Moreno","cliente278@cliente.com","0990000278","Médico","41","Casi nunca","Autoayuda","Historia","Literatura","Napoleon Hill","Jared Diamond","José Saramago","240","1","Autoayuda","Eckhart Tolle","bajo","bajo"
"Natalia Castillo Vega","cliente279@cliente.com","0990000279","Veterinario","47","Semanal","Literatura","Historia","Autoayuda","Juan Rulfo","Jack Weatherford","Dale Carnegie","0","0","","","bajo","bajo"
"Ronald Mendoza Ortiz","cliente280@cliente.com","0990000280","Diseñador","55","Semanal","Literatura","Fantasia","Autoayuda","Julio Cortazar","C.S. Lewis","Neil Gaiman","1980","7","Autoayuda","Carol Dweck","medio","alto"
"Alejandra Bravo Peralta","cliente281@cliente.com","0990000281","Programador","59","Casi nunca","Tecnologia","Ciencia Ficcion","Autoayuda","Paul Maier","Javier Zarca","Susan Cruz","1050","3","Tecnologia","Thomas Cormen","bajo","bajo"
"Lucas Chávez Guerrero","cliente282@cliente.com","0990000282","Abogado","30","Semanal","Historia","Literatura","Misterio","Bill Bryson","Jorge Luis Borges","Fiodor Dostoievski","1060","4","Historia","Charles Dickens","bajo","medio"
"Manuel Cruz Castillo","cliente283@cliente.com","0990000283","Periodista","36","Varias veces por semana","Historia","Literatura","Misterio","Jack Weatherford","Terence D'Altroy","Simon Schama","2680","9","Misterio","Paula Hawkins","medio","alto"
"Ricardo Herrera Jara","cliente284@cliente.com","0990000284","Ingeniero","39","Varias veces por semana","Tecnologia","Ciencia Ficcion","Autoayuda","Paul Maier","Thomas Cormen","Isaac Asimov","1890","7","Autoayuda","Dale Carnegie","medio","alto"
"Lucía Cruz Medina","cliente285@cliente.com","0990000285","Contador","49","Semanal","Autoayuda","Historia","Literatura","Eckhart Tolle","Stephen Covey","José Saramago","1390","5","Autoayuda","Simon Schama","medio","medio"
"Silvia Pizarro Ramírez","cliente286@cliente.com","0990000286","Médico","31","Semanal","Autoayuda","Historia","Literatura","James Clear","Malcolm Gladwell","Yuval Noah Harari","320","1","Literatura","Gabriel Garcia Marquez","bajo","medio"
"Silvia Núñez Vargas","cliente287@cliente.com","0990000287","Abogado","50","A diario","Historia","Literatura","Misterio","Simon Schama","Jack Weatherford","Juan Rulfo","3350","11","Literatura","Juan Rulfo","alto","alto"
"Paola Paredes Moreno","cliente288@cliente.com","0990000288","Ingeniero","48","Semanal","Tecnologia","Ciencia Ficcion","Autoayuda","Stuart Russell","Andrew Hunt","Erich Gamma","2140","7","Ciencia Ficcion","Suzanne Collins","medio","alto"
"Rodrigo Pérez Reyes","cliente289@cliente.com","0990000289","Docente","50","Casi nunca","Historia","Literatura","Autoayuda","Charles Dickens","Bill Bryson","Hugh Thomas","840","2","Historia","Winston Churchill","bajo","bajo"
"Augusto Cabrera Díaz","cliente290@cliente.com","0990000290","Periodista","26","A diario","Historia","Literatura","Misterio","Terence D'Altroy","Bill Bryson","Isabel Allende","4330","14","Misterio","Winston Churchill","alto","alto"
"Carmen Castillo Carrasco","cliente291@cliente.com","0990000291","Estudiante","19","Varias veces por semana","Fantasia","Ciencia Ficcion","Infantil","C.S. Lewis","Patrick Rothfuss","Rick Riordan","3260","11","Ciencia Ficcion","Stanislaw Lem","alto","alto"
"Fausto Silva Gómez","cliente292@cliente.com","0990000292","Arquitecto","34","Mensual","Literatura","Fantasia","Autoayuda","Jose Saramago","Gabriel Garcia Marquez","Harper Lee","2710","9","Literatura","Jorge Luis Borges","medio","medio"
"Emilio Cárdenas Díaz","cliente293@cliente.com","0990000293","Médico","29","Mensual","Autoayuda","Historia","Literatura","Viktor Frankl","José Saramago","Franz Kafka","2650","10","Autoayuda","Dale Carnegie","medio","medio"
"Hugo Vega Paredes","cliente294@cliente.com","0990000294","Docente","42","Semanal","Historia","Literatura","Autoayuda","José Saramago","Jared Diamond","Terence D'Altroy","1930","7","Literatura","Harper Lee","medio","alto"
"Luis Rivera Jiménez","cliente295@cliente.com","0990000295","Programador","33","Semanal","Tecnologia","Ciencia Ficcion","Autoayuda","Andrew Hunt","Tom Mitchell","Paul Maier","1680","6","Ciencia Ficcion","Isaac Asimov","medio","alto"
"Miguel Guerrero Carrasco","cliente296@cliente.com","0990000296","Periodista","23","Mensual","Historia","Literatura","Misterio","Bill Bryson","Jose Saramago","Gillian Flynn","200","1","Literatura","Franz Kafka","bajo","bajo"
"Jorge Guerrero García","cliente297@cliente.com","0990000297","Ingeniero","28","Semanal","Tecnologia","Ciencia Ficcion","Autoayuda","Tom Mitchell","Paul Maier","Andrew Hunt","250","1","Ciencia Ficcion","Aldous Huxley","bajo","medio"
"Luis Ibarra Sánchez","cliente298@cliente.com","0990000298","Abogado","36","A diario","Historia","Literatura","Misterio","Jared Diamond","José Saramago","Charles Dickens","2910","10","Misterio","Agatha Christie","alto","alto"
"Héctor Muñoz Medina","cliente299@cliente.com","0990000299","Arquitecto","35","Varias veces por semana","Literatura","Fantasia","Tecnologia","Harper Lee","Brandon Sanderson","Neil Gaiman","0","0","","","bajo","medio"
"Adrián Espinoza Iglesias","cliente300@cliente.com","0990000300","Contador","41","Semanal","Autoayuda","Historia","Fantasia","Stephen Covey","Marie Kondo","Charles C. Mann","1200","3","Historia","Jared Diamond","medio","medio"
"Alberto Muñoz Rivera","cliente301@cliente.com","0990000301","Contador","23","Semanal","Autoayuda","Historia","Ciencia Ficcion","Paulo Coelho","José Saramago","Ray Bradbury","1120","4","Autoayuda","Dale Carnegie","bajo","medio"
"Emilia Cortes Guerrero","cliente302@cliente.com","0990000302","Estudiante","25","A diario","Fantasia","Ciencia Ficcion","Infantil","C.S. Lewis","Arthur C. Clarke","J.M. Barrie","4420","17","Infantil","J.M. Barrie","alto","alto"
"Hugo Carrasco Chávez","cliente303@cliente.com","0990000303","Estudiante","21","A diario","Fantasia","Ciencia Ficcion","Infantil","Neil Gaiman","J.R.R. Tolkien","Ray Bradbury","6620","21","Fantasia","J.R.R. Tolkien","alto","alto"
"Mónica Barrera Cruz","cliente304@cliente.com","0990000304","Abogado","36","Varias veces por semana","Historia","Literatura","Misterio","Charles Dickens","Jorge Luis Borges","Jose Saramago","2970","9","Historia","Miguel de Cervantes","alto","alto"
"Gabriel García Cruz","cliente305@cliente.com","0990000305","Programador","21","A diario","Tecnologia","Ciencia Ficcion","Autoayuda","Erich Gamma","Stanislaw Lem","Eckhart Tolle","3550","11","Ciencia Ficcion","William Gibson","alto","alto"
"Roberto Ramírez Silva","cliente306@cliente.com","0990000306","Estudiante","23","A diario","Fantasia","Ciencia Ficcion","Infantil","Robin Hobb","William Gibson","Aldous Huxley","2940","12","Infantil","Maurice Sendak","alto","alto"
"Daniel Vargas García","cliente307@cliente.com","0990000307","Estudiante","18","A diario","Fantasia","Ciencia Ficcion","Infantil","Patrick Rothfuss","J.K. Rowling","Aldous Huxley","6200","23","Infantil","Arthur C. Clarke","alto","alto"
"Patricia Núñez Morales","cliente308@cliente.com","0990000308","Estudiante","24","Varias veces por semana","Fantasia","Ciencia Ficcion","Infantil","J.R.R. Tolkien","Orson Scott Card","Dr. Seuss","1855","5","Fantasia","Neil Gaiman","medio","alto"
"Paola Guerrero Castillo","cliente309@cliente.com","0990000309","Docente","58","Mensual","Historia","Literatura","Autoayuda","Bill Bryson","Hugh Thomas","Charles Dickens","1290","5","Literatura","Jorge Luis Borges","medio","medio"
"Jorge Morales Castillo","cliente310@cliente.com","0990000310","Estudiante","19","Mensual","Fantasia","Ciencia Ficcion","Infantil","Terry Pratchett","George Orwell","Frank Herbert","1130","3","Fantasia","J.R.R. Tolkien","bajo","medio"
"Daniela Pérez Herrera","cliente311@cliente.com","0990000311","Comerciante","27","Varias veces por semana","Literatura","Historia","Autoayuda","Gabriel Garcia Marquez","Jose Saramago","Jack Weatherford","2950","11","Historia","Charles Dickens","alto","alto"
"Pedro Figueroa Martínez","cliente312@cliente.com","0990000312","Docente","49","Casi nunca","Historia","Literatura","Autoayuda","Bill Bryson","Gabriel Garcia Marquez","Jorge Luis Borges","0","0","","","bajo","bajo"
"Daniel Castillo Muñoz","cliente313@cliente.com","0990000313","Diseñador","33","Varias veces por semana","Literatura","Fantasia","Autoayuda","Jorge Luis Borges","Gabriel Garcia Marquez","Patrick Rothfuss","4650","14","Fantasia","Gabriel Garcia Marquez","alto","alto"
"Camila Morales Torres","cliente314@cliente.com","0990000314","Abogado","50","Semanal","Historia","Literatura","Misterio","Jared Diamond","Julio Cortazar","Arthur Conan Doyle","1860","6","Misterio","Gillian Flynn","medio","alto"
"Renata Bravo Iglesias","cliente315@cliente.com","0990000315","Arquitecto","36","Varias veces por semana","Literatura","Fantasia","Ciencia Ficcion","Franz Kafka","Patrick Rothfuss","Isaac Asimov","4280","14","Ciencia Ficcion","Douglas Adams","alto","alto"
"Lorena Ibarra Molina","cliente316@cliente.com","0990000316","Estudiante","19","Varias veces por semana","Fantasia","Ciencia Ficcion","Infantil","J.K. Rowling","Neil Gaiman","Rick Riordan","2820","11","Infantil","Mark Twain","alto","alto"
"Nicolás Paredes Peña","cliente317@cliente.com","0990000317","Electricista","41","Casi nunca","Literatura","Historia","Autoayuda","Jorge Luis Borges","Harper Lee","Isabel Allende","250","1","Autoayuda","Malcolm Gladwell","bajo","bajo"
"Daniel González Torres","cliente318@cliente.com","0990000318","Estudiante","24","A diario","Fantasia","Ciencia Ficcion","Infantil","Patrick Rothfuss","Aldous Huxley","Douglas Adams","6345","22","Ciencia Ficcion","J.R.R. Tolkien","alto","alto"
"Gabriel Cruz Prieto","cliente319@cliente.com","0990000319","Contador","43","Semanal","Autoayuda","Historia","Tecnologia","Stephen Covey","Carol Dweck","Charles C. Mann","1300","5","Autoayuda","Paul Maier","medio","medio"
"Lorena Vega García","cliente320@cliente.com","0990000320","Contador","29","Mensual","Autoayuda","Historia","Ciencia Ficcion","Carol Dweck","Paulo Coelho","José Saramago","970","3","Autoayuda","Winston Churchill","bajo","medio"
"María Rodríguez Ramírez","cliente321@cliente.com","0990000321","Comerciante","30","Varias veces por semana","Literatura","Historia","Autoayuda","Fiodor Dostoievski","Julio Cortazar","Simon Schama","2890","10","Autoayuda","Malcolm Gladwell","alto","alto"
"Raúl Garay Sánchez","cliente322@cliente.com","0990000322","Docente","49","Mensual","Historia","Literatura","Autoayuda","Jack Weatherford","Gabriel Garcia Marquez","Juan Rulfo","0","0","","","bajo","bajo"
"Carmen Garay Lara","cliente323@cliente.com","0990000323","Docente","40","Semanal","Historia","Literatura","Autoayuda","Bill Bryson","Franz Kafka","Jorge Luis Borges","270","1","Autoayuda","Dale Carnegie","bajo","medio"
"Gabriel Soto Vidal","cliente324@cliente.com","0990000324","Estudiante","21","Varias veces por semana","Fantasia","Ciencia Ficcion","Infantil","Patrick Rothfuss","J.K. Rowling","Isaac Asimov","4105","15","Fantasia","Neil Gaiman","alto","alto"
"Andrés Ortiz Ibarra","cliente325@cliente.com","0990000325","Estudiante","21","Semanal","Fantasia","Ciencia Ficcion","Infantil","George R.R. Martin","Robin Hobb","Stanislaw Lem","150","1","Infantil","Antoine de Saint-Exupery","bajo","medio"
"Natalia Zamora Rodríguez","cliente326@cliente.com","0990000326","Mecánico","35","Varias veces por semana","Literatura","Historia","Autoayuda","Jose Saramago","Jack Weatherford","José Saramago","1470","6","Literatura","Jorge Luis Borges","medio","alto"
"Rosa Medina Ortiz","cliente327@cliente.com","0990000327","Programador","45","Mensual","Tecnologia","Ciencia Ficcion","Autoayuda","Susan Cruz","Frank Herbert","Isaac Asimov","1470","5","Ciencia Ficcion","Suzanne Collins","medio","medio"
"Andrea Herrera Cruz","cliente328@cliente.com","0990000328","Estudiante","23","Varias veces por semana","Fantasia","Ciencia Ficcion","Infantil","C.S. Lewis","J.K. Rowling","Terry Pratchett","3370","10","Fantasia","Neil Gaiman","alto","alto"
"María Guerrero Reyes","cliente329@cliente.com","0990000329","Diseñador","35","A diario","Literatura","Fantasia","Historia","Miguel de Cervantes","Isabel Allende","Terry Pratchett","5940","20","Historia","Terence N. D'Altroy","alto","alto"
"Fernanda Carrasco Dominguez","cliente330@cliente.com","0990000330","Estudiante","18","Varias veces por semana","Fantasia","Ciencia Ficcion","Infantil","Patrick Rothfuss","Arthur C. Clarke","Johanna Spyri","3360","10","Fantasia","J.R.R. Tolkien","alto","alto"
"Carlos Rivera Prieto","cliente331@cliente.com","0990000331","Estudiante","22","Varias veces por semana","Fantasia","Ciencia Ficcion","Infantil","Neil Gaiman","Robin Hobb","Patrick Rothfuss","2200","6","Fantasia","Neil Gaiman","medio","alto"
"Mónica Morales Martínez","cliente332@cliente.com","0990000332","Estudiante","26","A diario","Fantasia","Ciencia Ficcion","Infantil","Patrick Rothfuss","Brandon Sanderson","Rick Riordan","3550","12","Ciencia Ficcion","Arthur C. Clarke","alto","alto"
"Rosa López Herrera","cliente333@cliente.com","0990000333","Médico","49","Semanal","Autoayuda","Historia","Literatura","Napoleon Hill","Malcolm Gladwell","Yuval Noah Harari","2770","9","Historia","Stephen Covey","medio","alto"
"Elena Vidal Flores","cliente334@cliente.com","0990000334","Ingeniero","42","A diario","Tecnologia","Ciencia Ficcion","Autoayuda","Robert C. Martin","Erich Gamma","Orson Scott Card","7140","23","Autoayuda","Stephen Covey","alto","alto"
"Sebastián González Barrera","cliente335@cliente.com","0990000335","Ingeniero","35","Mensual","Tecnologia","Ciencia Ficcion","Autoayuda","Andrew Hunt","Stuart Russell","Paul Maier","250","1","Autoayuda","Viktor Frankl","bajo","bajo"
"Vicente Bustos Núñez","cliente336@cliente.com","0990000336","Arquitecto","30","Mensual","Literatura","Fantasia","Tecnologia","Juan Rulfo","C.S. Lewis","Patrick Rothfuss","930","3","Literatura","Isabel Allende","bajo","medio"
"Alejandra Romero Vega","cliente337@cliente.com","0990000337","Mecánico","22","Semanal","Literatura","Historia","Autoayuda","Miguel de Cervantes","Gabriel Garcia Marquez","Jared Diamond","290","1","Autoayuda","James Clear","bajo","medio"
"Julio González Lara","cliente338@cliente.com","0990000338","Diseñador","24","A diario","Literatura","Fantasia","Tecnologia","Juan Rulfo","Miguel de Cervantes","Patrick Rothfuss","4570","12","Fantasia","J.R.R. Tolkien","alto","alto"
"César Núñez Ponce","cliente339@cliente.com","0990000339","Chef","53","Mensual","Historia","Literatura","Ciencia Ficcion","Bill Bryson","Simon Schama","Jared Diamond","810","3","Literatura","Juan Rulfo","bajo","medio"
"Fausto Vega Moreno","cliente340@cliente.com","0990000340","Estudiante","20","Varias veces por semana","Fantasia","Ciencia Ficcion","Infantil","Rick Riordan","Stanislaw Lem","Isaac Asimov","1380","4","Ciencia Ficcion","Orson Scott Card","medio","alto"
"Gloria Rivera Bustos","cliente341@cliente.com","0990000341","Electricista","20","Varias veces por semana","Literatura","Historia","Autoayuda","Jorge Luis Borges","Yuval Noah Harari","Bill Bryson","1480","6","Literatura","Harper Lee","medio","alto"
"Gabriel Chávez Morales","cliente342@cliente.com","0990000342","Médico","35","Semanal","Autoayuda","Historia","Literatura","Dale Carnegie","Napoleon Hill","Bill Bryson","1080","3","Historia","Charles C. Mann","bajo","medio"
"Fernando Díaz Vásquez","cliente343@cliente.com","0990000343","Contador","42","Mensual","Autoayuda","Historia","Infantil","James Clear","Hugh Thomas","Jared Diamond","0","0","","","bajo","bajo"
"Leonardo Lara Cruz","cliente344@cliente.com","0990000344","Programador","50","Mensual","Tecnologia","Ciencia Ficcion","Autoayuda","Javier Zarca","Stuart Russell","Stanislaw Lem","0","0","","","bajo","bajo"
"Carmen Sánchez Vargas","cliente345@cliente.com","0990000345","Docente","25","Varias veces por semana","Historia","Literatura","Autoayuda","Hugh Thomas","Charles Dickens","Jose Saramago","1050","3","Historia","Charles C. Mann","bajo","alto"
"Roberto Chávez Ortiz","cliente346@cliente.com","0990000346","Abogado","33","A diario","Historia","Literatura","Misterio","Simon Schama","José Saramago","Charles C. Mann","6740","22","Literatura","Gabriel Garcia Marquez","alto","alto"
"Silvia Jara Zamora","cliente347@cliente.com","0990000347","Ingeniero","32","Mensual","Tecnologia","Ciencia Ficcion","Autoayuda","Susan Cruz","Erich Gamma","William Gibson","0","0","","","bajo","bajo"
"Eugenio Navarrete García","cliente348@cliente.com","0990000348","Periodista","23","Semanal","Historia","Literatura","Misterio","Hugh Thomas","Miguel de Cervantes","Agatha Christie","0","0","","","bajo","bajo"
"Valentina Contreras López","cliente349@cliente.com","0990000349","Arquitecto","30","A diario","Literatura","Fantasia","Romance","Fiodor Dostoievski","Jose Saramago","Robin Hobb","3520","12","Literatura","George Orwell","alto","alto"
"Felipe Torres Pérez","cliente350@cliente.com","0990000350","Médico","58","Semanal","Autoayuda","Historia","Literatura","Paulo Coelho","Viktor Frankl","Yuval Noah Harari","1390","5","Literatura","William Faulkner","medio","medio"
"Ernesto Iglesias Flores","cliente351@cliente.com","0990000351","Diseñador","32","Mensual","Literatura","Fantasia","Autoayuda","Jose Saramago","Fiodor Dostoievski","Terry Pratchett","690","3","Autoayuda","Napoleon Hill","bajo","medio"
"Brandon Gómez Gómez","cliente352@cliente.com","0990000352","Veterinario","26","Varias veces por semana","Literatura","Historia","Autoayuda","Franz Kafka","Jose Saramago","Fiodor Dostoievski","3460","13","Literatura","Jorge Luis Borges","alto","alto"
"Lucas Castillo Peralta","cliente353@cliente.com","0990000353","Médico","47","Casi nunca","Autoayuda","Historia","Literatura","James Clear","Viktor Frankl","Eckhart Tolle","330","1","Historia","Simon Schama","bajo","bajo"
"Roberto Espinoza Dominguez","cliente354@cliente.com","0990000354","Estudiante","20","A diario","Fantasia","Ciencia Ficcion","Infantil","C.S. Lewis","J.K. Rowling","Isaac Asimov","6630","22","Fantasia","Rick Riordan","alto","alto"
"Santiago Garay Bustos","cliente355@cliente.com","0990000355","Docente","33","Mensual","Historia","Literatura","Autoayuda","José Saramago","Terence D'Altroy","Jack Weatherford","1230","5","Literatura","William Faulkner","medio","medio"
"Beatriz González Bravo","cliente356@cliente.com","0990000356","Mecánico","32","Semanal","Literatura","Historia","Autoayuda","Isabel Allende","Juan Rulfo","Jack Weatherford","680","3","Literatura","Franz Kafka","bajo","medio"
"Bárbara Bravo Flores","cliente357@cliente.com","0990000357","Diseñador","35","Semanal","Literatura","Fantasia","Tecnologia","Jose Saramago","Rick Riordan","Robin Hobb","1610","7","Literatura","Franz Kafka","medio","alto"
"Matías Reyes Ávila","cliente358@cliente.com","0990000358","Estudiante","25","A diario","Fantasia","Ciencia Ficcion","Infantil","J.R.R. Tolkien","J.K. Rowling","George Orwell","3670","10","Fantasia","J.R.R. Tolkien","alto","alto"
"Daniel Mendoza Barrera","cliente359@cliente.com","0990000359","Enfermero","42","Casi nunca","Literatura","Historia","Autoayuda","Gabriel Garcia Marquez","Julio Cortazar","Harper Lee","0","0","","","bajo","bajo"
"Mario Romero Castillo","cliente360@cliente.com","0990000360","Contador","36","Varias veces por semana","Autoayuda","Historia","Literatura","James Clear","Marie Kondo","Yuval Noah Harari","1620","5","Historia","Winston Churchill","medio","alto"
"Renata Lara Pizarro","cliente361@cliente.com","0990000361","Estudiante","25","Mensual","Fantasia","Ciencia Ficcion","Infantil","Neil Gaiman","Orson Scott Card","J.M. Barrie","900","6","Infantil","Antoine de Saint-Exupery","bajo","medio"
"Ana Mendoza Vargas","cliente362@cliente.com","0990000362","Ingeniero","34","A diario","Tecnologia","Ciencia Ficcion","Autoayuda","Tom Mitchell","George Orwell","Stanislaw Lem","5040","15","Tecnologia","Andrew Hunt","alto","alto"
"Ricardo Montero García","cliente363@cliente.com","0990000363","Estudiante","24","Varias veces por semana","Fantasia","Ciencia Ficcion","Infantil","C.S. Lewis","Douglas Adams","Frank Herbert","5350","15","Fantasia","J.R.R. Tolkien","alto","alto"
"Patricia Contreras Montero","cliente364@cliente.com","0990000364","Ingeniero","33","Varias veces por semana","Tecnologia","Ciencia Ficcion","Autoayuda","Paul Maier","Andrew Hunt","Frank Herbert","4580","15","Ciencia Ficcion","Suzanne Collins","alto","alto"
"Laura Jara Rivera","cliente365@cliente.com","0990000365","Arquitecto","39","Semanal","Literatura","Fantasia","Tecnologia","Juan Rulfo","Julio Cortazar","Miguel de Cervantes","2240","7","Fantasia","Brandon Sanderson","medio","alto"
"Renata Vidal Espinoza","cliente366@cliente.com","0990000366","Contador","59","Casi nunca","Autoayuda","Historia","Literatura","James Clear","Eckhart Tolle","Stephen Covey","0","0","","","bajo","bajo"
"Claudio Medina Martínez","cliente367@cliente.com","0990000367","Estudiante","23","A diario","Fantasia","Ciencia Ficcion","Infantil","Neil Gaiman","George Orwell","William Gibson","3950","13","Fantasia","Neil Gaiman","alto","alto"
"Roberta Paredes Lara","cliente368@cliente.com","0990000368","Contador","57","Mensual","Autoayuda","Historia","Tecnologia","Carol Dweck","Stephen Covey","José Saramago","3050","9","Historia","Andrew Hunt","alto","medio"
"Patricio Pérez Soto","cliente369@cliente.com","0990000369","Ingeniero","35","Varias veces por semana","Tecnologia","Ciencia Ficcion","Autoayuda","Tom Mitchell","Robert C. Martin","Erich Gamma","3420","11","Tecnologia","Stuart Russell","alto","alto"
"Manuel Chávez Flores","cliente370@cliente.com","0990000370","Ingeniero","43","Semanal","Tecnologia","Ciencia Ficcion","Autoayuda","Javier Zarca","Robert C. Martin","Arthur C. Clarke","2700","9","Autoayuda","William Gibson","medio","alto"
"Carmen Ortiz Flores","cliente371@cliente.com","0990000371","Médico","39","Mensual","Autoayuda","Historia","Literatura","Eckhart Tolle","Viktor Frankl","Carol Dweck","720","2","Historia","Charles C. Mann","bajo","bajo"
"Mónica Salazar Salazar","cliente372@cliente.com","0990000372","Estudiante","19","Mensual","Fantasia","Ciencia Ficcion","Infantil","C.S. Lewis","Terry Pratchett","Patrick Rothfuss","1230","3","Fantasia","C.S. Lewis","medio","medio"
"Beatriz Vega Muñoz","cliente373@cliente.com","0990000373","Contador","50","Semanal","Autoayuda","Historia","Tecnologia","Eckhart Tolle","Malcolm Gladwell","Yuval Noah Harari","2420","7","Historia","Hugh Thomas","medio","alto"
"Ronald Cortes Vargas","cliente374@cliente.com","0990000374","Estudiante","26","Semanal","Fantasia","Ciencia Ficcion","Infantil","Robin Hobb","William Gibson","George Orwell","2070","7","Ciencia Ficcion","Isaac Asimov","medio","alto"
"Andrés Ortiz Ortiz","cliente375@cliente.com","0990000375","Ingeniero","45","Semanal","Tecnologia","Ciencia Ficcion","Autoayuda","Erich Gamma","Tom Mitchell","Robert C. Martin","1000","4","Ciencia Ficcion","Ray Bradbury","bajo","medio"
"Mario Reyes Morales","cliente376@cliente.com","0990000376","Médico","54","Mensual","Autoayuda","Historia","Literatura","Dale Carnegie","Charles Dickens","Simon Schama","1950","6","Historia","Charles C. Mann","medio","medio"
"Héctor Bravo Lara","cliente377@cliente.com","0990000377","Docente","36","Varias veces por semana","Historia","Literatura","Autoayuda","Terence D'Altroy","José Saramago","Jack Weatherford","1930","7","Literatura","Franz Kafka","medio","alto"
"Ernesto Torres Iglesias","cliente378@cliente.com","0990000378","Médico","41","Semanal","Autoayuda","Historia","Literatura","Paulo Coelho","Carol Dweck","Charles C. Mann","1850","7","Literatura","Fiodor Dostoievski","medio","alto"
"Bárbara Garay Cabrera","cliente379@cliente.com","0990000379","Constructor","45","Mensual","Literatura","Historia","Autoayuda","Fiodor Dostoievski","Gabriel Garcia Marquez","Jorge Luis Borges","730","2","Historia","Terence N. D'Altroy","bajo","bajo"
"Ricardo Cruz Medina","cliente380@cliente.com","0990000380","Estudiante","23","A diario","Fantasia","Ciencia Ficcion","Infantil","J.R.R. Tolkien","Frank Herbert","Johanna Spyri","5860","21","Fantasia","L. Frank Baum","alto","alto"
"Ernesto Cárdenas Salazar","cliente381@cliente.com","0990000381","Médico","48","A diario","Autoayuda","Historia","Literatura","Eckhart Tolle","Viktor Frankl","Jack Weatherford","5680","20","Literatura","William Faulkner","alto","alto"
"Esteban Jara Pérez","cliente382@cliente.com","0990000382","Docente","43","Semanal","Historia","Literatura","Autoayuda","Yuval Noah Harari","Terence D'Altroy","Isabel Allende","1640","6","Literatura","Jose Saramago","medio","alto"
"Ana Ibarra Montero","cliente383@cliente.com","0990000383","Estudiante","19","Semanal","Fantasia","Ciencia Ficcion","Infantil","Neil Gaiman","J.R.R. Tolkien","Orson Scott Card","0","0","","","bajo","bajo"
"Oscar Guerrero López","cliente384@cliente.com","0990000384","Abogado","56","Mensual","Historia","Literatura","Misterio","Jack Weatherford","Jorge Luis Borges","Gabriel Garcia Marquez","900","3","Historia","Terence N. D'Altroy","bajo","medio"
"Emilio Vega Prieto","cliente385@cliente.com","0990000385","Estudiante","21","A diario","Fantasia","Ciencia Ficcion","Infantil","George R.R. Martin","Robin Hobb","William Gibson","4720","15","Fantasia","Lewis Carroll","alto","alto"
"Camila Rivera Garay","cliente386@cliente.com","0990000386","Docente","49","A diario","Historia","Literatura","Autoayuda","Hugh Thomas","Charles Dickens","Gabriel Garcia Marquez","4460","17","Autoayuda","Stephen Covey","alto","alto"
"Carlos García Reyes","cliente387@cliente.com","0990000387","Docente","33","Varias veces por semana","Historia","Literatura","Autoayuda","José Saramago","Charles C. Mann","Julio Cortazar","4010","13","Literatura","Fiodor Dostoievski","alto","alto"
"Ernesto Dominguez Sánchez","cliente388@cliente.com","0990000388","Estudiante","18","Varias veces por semana","Fantasia","Ciencia Ficcion","Infantil","C.S. Lewis","Ray Bradbury","George Orwell","3500","13","Infantil","Roald Dahl","alto","alto"
"Diego Ortiz Lara","cliente389@cliente.com","0990000389","Médico","29","A diario","Autoayuda","Historia","Literatura","Napoleon Hill","Dale Carnegie","Yuval Noah Harari","6880","23","Historia","Jack Weatherford","alto","alto"
"Gloria Núñez Vásquez","cliente390@cliente.com","0990000390","Abogado","40","Semanal","Historia","Literatura","Misterio","Jared Diamond","Bill Bryson","Charles C. Mann","1950","6","Historia","Winston Churchill","medio","alto"
"Ramón Pizarro Herrera","cliente391@cliente.com","0990000391","Ingeniero","46","Casi nunca","Tecnologia","Ciencia Ficcion","Autoayuda","Andrew Hunt","Stanislaw Lem","Arthur C. Clarke","0","0","","","bajo","bajo"
"Silvia López Díaz","cliente392@cliente.com","0990000392","Arquitecto","36","A diario","Literatura","Fantasia","Misterio","Isabel Allende","Franz Kafka","Harper Lee","3520","15","Literatura","Jorge Luis Borges","alto","alto"
"Daniela Jiménez Bravo","cliente393@cliente.com","0990000393","Diseñador","60","Mensual","Literatura","Fantasia","Tecnologia","Franz Kafka","Fiodor Dostoievski","Isabel Allende","1180","5","Literatura","Franz Kafka","medio","medio"
"Daniela Contreras Sánchez","cliente394@cliente.com","0990000394","Periodista","30","Varias veces por semana","Historia","Literatura","Misterio","Charles C. Mann","Harper Lee","Fiodor Dostoievski","3450","11","Literatura","Gabriel Garcia Marquez","alto","alto"
"Andrea Salazar García","cliente395@cliente.com","0990000395","Abogado","45","Mensual","Historia","Literatura","Misterio","Simon Schama","Juan Rulfo","Edgar Allan Poe","1230","4","Literatura","Gabriel Garcia Marquez","medio","medio"
"Matías Cruz Espinoza","cliente396@cliente.com","0990000396","Médico","44","Casi nunca","Autoayuda","Historia","Literatura","Paulo Coelho","Marie Kondo","Charles Dickens","0","0","","","bajo","bajo"
"Alejandro Díaz Bustos","cliente397@cliente.com","0990000397","Periodista","50","Casi nunca","Historia","Literatura","Misterio","Jared Diamond","Simon Schama","Jack Weatherford","330","1","Historia","Simon Schama","bajo","bajo"
"Marcelo Chávez Romero","cliente398@cliente.com","0990000398","Médico","50","Casi nunca","Autoayuda","Historia","Literatura","Napoleon Hill","Charles C. Mann","Terence D'Altroy","260","1","Autoayuda","Carol Dweck","bajo","bajo"
"Rodrigo Rivera Pizarro","cliente399@cliente.com","0990000399","Enfermero","42","Semanal","Literatura","Historia","Autoayuda","Isabel Allende","Bill Bryson","Paulo Coelho","1910","6","Historia","Terence N. D'Altroy","medio","alto"
"Ricardo Ortiz Lara","cliente400@cliente.com","0990000400","Ingeniero","30","Semanal","Tecnologia","Ciencia Ficcion","Autoayuda","Thomas Cormen","Erich Gamma","Andrew Hunt","1910","7","Ciencia Ficcion","Suzanne Collins","medio","alto"
"Paola Reyes Rangel","cliente401@cliente.com","0990000401","Docente","41","Semanal","Historia","Literatura","Autoayuda","Jared Diamond","Jorge Luis Borges","Dale Carnegie","1770","6","Literatura","Julio Cortazar","medio","alto"
"Roberto Cabrera Fuentes","cliente402@cliente.com","0990000402","Veterinario","36","Varias veces por semana","Literatura","Historia","Autoayuda","Harper Lee","Jack Weatherford","Terence D'Altroy","4780","16","Literatura","Paulo Coelho","alto","alto"
"Alejandra Guerrero Pizarro","cliente403@cliente.com","0990000403","Docente","35","A diario","Historia","Literatura","Autoayuda","Jared Diamond","Jorge Luis Borges","Miguel de Cervantes","8260","26","Historia","Jared Diamond","alto","alto"
"Natalia Peralta Sánchez","cliente404@cliente.com","0990000404","Enfermero","37","A diario","Literatura","Historia","Autoayuda","Gabriel Garcia Marquez","Jorge Luis Borges","Jose Saramago","7360","29","Autoayuda","William Faulkner","alto","alto"
"Renata Cruz Torres","cliente405@cliente.com","0990000405","Contador","33","Semanal","Autoayuda","Historia","Misterio","Napoleon Hill","James Clear","Jack Weatherford","760","3","Misterio","Agatha Christie","bajo","medio"
"Leonardo Morales Rangel","cliente406@cliente.com","0990000406","Ingeniero","31","Semanal","Tecnologia","Ciencia Ficcion","Autoayuda","Erich Gamma","Thomas Cormen","Stanislaw Lem","880","3","Ciencia Ficcion","Suzanne Collins","bajo","medio"
"Laura Fuentes Barrera","cliente407@cliente.com","0990000407","Abogado","30","Mensual","Historia","Literatura","Misterio","José Saramago","Miguel de Cervantes","Fiodor Dostoievski","0","0","","","bajo","bajo"
"Samuel Peralta Cortes","cliente408@cliente.com","0990000408","Estudiante","21","Varias veces por semana","Fantasia","Ciencia Ficcion","Infantil","Brandon Sanderson","George R.R. Martin","Rick Riordan","2280","7","Fantasia","J.R.R. Tolkien","medio","alto"
"Roberta Herrera Ortiz","cliente409@cliente.com","0990000409","Ingeniero","28","Mensual","Tecnologia","Ciencia Ficcion","Autoayuda","Stuart Russell","Thomas Cormen","Andrew Hunt","1580","5","Ciencia Ficcion","William Gibson","medio","medio"
"Pedro Torres Peña","cliente410@cliente.com","0990000410","Ingeniero","52","Casi nunca","Tecnologia","Ciencia Ficcion","Autoayuda","Stuart Russell","Marcus Garrido","Ray Bradbury","0","0","","","bajo","bajo"
"Leonardo López Vargas","cliente411@cliente.com","0990000411","Ingeniero","44","Semanal","Tecnologia","Ciencia Ficcion","Autoayuda","Andrew Hunt","Orson Scott Card","Viktor Frankl","450","2","Autoayuda","Paulo Coelho","bajo","medio"
"Gloria Bravo Pizarro","cliente412@cliente.com","0990000412","Arquitecto","24","A diario","Literatura","Fantasia","Infantil","Isabel Allende","Robin Hobb","Brandon Sanderson","3330","9","Fantasia","J.R.R. Tolkien","alto","alto"
"Arturo Núñez López","cliente413@cliente.com","0990000413","Programador","30","Semanal","Tecnologia","Ciencia Ficcion","Autoayuda","Javier Zarca","Andrew Hunt","Marcus Garrido","850","3","Tecnologia","Paul Maier","bajo","medio"
"Vicente Morales Cortes","cliente414@cliente.com","0990000414","Docente","35","Varias veces por semana","Historia","Literatura","Autoayuda","Hugh Thomas","Jack Weatherford","Yuval Noah Harari","5050","17","Historia","Franz Kafka","alto","alto"
"Brandon Mendoza Molina","cliente415@cliente.com","0990000415","Estudiante","18","Varias veces por semana","Fantasia","Ciencia Ficcion","Infantil","C.S. Lewis","Isaac Asimov","George Orwell","4500","17","Ciencia Ficcion","George Orwell","alto","alto"
"Fernando Navarrete Rivera","cliente416@cliente.com","0990000416","Estudiante","20","Mensual","Fantasia","Ciencia Ficcion","Infantil","J.R.R. Tolkien","C.S. Lewis","Brandon Sanderson","160","1","Infantil","Maurice Sendak","bajo","bajo"
"Florencia Cárdenas Gómez","cliente417@cliente.com","0990000417","Estudiante","21","Varias veces por semana","Fantasia","Ciencia Ficcion","Infantil","Patrick Rothfuss","Orson Scott Card","Isaac Asimov","2440","9","Ciencia Ficcion","George Orwell","medio","alto"
"Carmen Rodríguez Ortiz","cliente418@cliente.com","0990000418","Contador","55","Semanal","Autoayuda","Historia","Fantasia","Dale Carnegie","Charles C. Mann","Simon Schama","2890","9","Autoayuda","Napoleon Hill","alto","alto"
"Carolina Díaz Moreno","cliente419@cliente.com","0990000419","Enfermero","25","A diario","Literatura","Historia","Autoayuda","Jorge Luis Borges","Gabriel Garcia Marquez","Hugh Thomas","4070","15","Literatura","Fiodor Dostoievski","alto","alto"
"Fernando Núñez Bravo","cliente420@cliente.com","0990000420","Veterinario","38","Semanal","Literatura","Historia","Autoayuda","Harper Lee","Yuval Noah Harari","Jack Weatherford","1020","3","Historia","Jack Weatherford","bajo","medio"
"Ana Jara Medina","cliente421@cliente.com","0990000421","Docente","59","Mensual","Historia","Literatura","Autoayuda","Terence D'Altroy","Isabel Allende","Eckhart Tolle","1090","4","Autoayuda","Dale Carnegie","bajo","medio"
"Beatriz Herrera Contreras","cliente422@cliente.com","0990000422","Abogado","29","Semanal","Historia","Literatura","Misterio","Charles C. Mann","Charles Dickens","José Saramago","0","0","","","bajo","bajo"
"Raúl Paredes Bustos","cliente423@cliente.com","0990000423","Médico","35","Mensual","Autoayuda","Historia","Literatura","Stephen Covey","Hugh Thomas","José Saramago","400","1","Historia","Jared Diamond","bajo","bajo"
"Andrea Cabrera Vidal","cliente424@cliente.com","0990000424","Periodista","30","A diario","Historia","Literatura","Misterio","Jared Diamond","Jorge Luis Borges","Raymond Chandler","4570","15","Literatura","Charles C. Mann","alto","alto"
"Brandon Prieto Jiménez","cliente425@cliente.com","0990000425","Médico","49","Mensual","Autoayuda","Historia","Literatura","Viktor Frankl","Jared Diamond","Simon Schama","1140","5","Literatura","George Orwell","bajo","medio"
"José Díaz Jiménez","cliente426@cliente.com","0990000426","Estudiante","25","A diario","Fantasia","Ciencia Ficcion","Infantil","Neil Gaiman","Brandon Sanderson","Rick Riordan","2690","9","Ciencia Ficcion","Suzanne Collins","medio","alto"
"Sofía Paredes Castillo","cliente427@cliente.com","0990000427","Comerciante","23","Semanal","Literatura","Historia","Autoayuda","Miguel de Cervantes","Julio Cortazar","Terence D'Altroy","1100","5","Literatura","Franz Kafka","bajo","medio"
"Nicolás Morales Barría","cliente428@cliente.com","0990000428","Enfermero","25","Mensual","Literatura","Historia","Autoayuda","Juan Rulfo","Miguel de Cervantes","Yuval Noah Harari","860","4","Literatura","Franz Kafka","bajo","medio"
"Alberto Medina Flores","cliente429@cliente.com","0990000429","Contador","45","Casi nunca","Autoayuda","Historia","Ciencia Ficcion","Dale Carnegie","Malcolm Gladwell","Stephen Covey","600","2","Ciencia Ficcion","Isaac Asimov","bajo","bajo"
"Beatriz García Rivera","cliente430@cliente.com","0990000430","Arquitecto","40","Mensual","Literatura","Fantasia","Tecnologia","Franz Kafka","Isabel Allende","J.R.R. Tolkien","460","2","Literatura","Jorge Luis Borges","bajo","bajo"
"Emilio Vargas Garay","cliente431@cliente.com","0990000431","Psicólogo","39","Mensual","Autoayuda","Historia","Literatura","Dale Carnegie","Stephen Covey","Viktor Frankl","810","3","Literatura","William Faulkner","bajo","medio"
"Pablo Barrera Jiménez","cliente432@cliente.com","0990000432","Chef","53","Semanal","Historia","Literatura","Autoayuda","Jared Diamond","Bill Bryson","Simon Schama","0","0","","","bajo","bajo"
"Sofía Morales Dominguez","cliente433@cliente.com","0990000433","Periodista","48","Mensual","Historia","Literatura","Misterio","Yuval Noah Harari","Jorge Luis Borges","Arthur Conan Doyle","1050","3","Historia","Charles C. Mann","bajo","medio"
"Mario Gómez Guerrero","cliente434@cliente.com","0990000434","Psicólogo","34","A diario","Autoayuda","Historia","Literatura","Marie Kondo","Carol Dweck","Bill Bryson","1830","6","Literatura","Jorge Luis Borges","medio","alto"
"Jorge Sánchez Ávila","cliente435@cliente.com","0990000435","Psicólogo","37","Semanal","Autoayuda","Historia","Literatura","Eckhart Tolle","Paulo Coelho","Carol Dweck","1680","6","Autoayuda","Eckhart Tolle","medio","alto"
"Rodrigo Rangel Navarrete","cliente436@cliente.com","0990000436","Docente","28","Varias veces por semana","Historia","Literatura","Autoayuda","Bill Bryson","José Saramago","Franz Kafka","1590","5","Historia","Simon Schama","medio","alto"
"José Ibarra Pérez","cliente437@cliente.com","0990000437","Docente","43","A diario","Historia","Literatura","Autoayuda","Terence D'Altroy","Fiodor Dostoievski","Eckhart Tolle","2350","9","Autoayuda","Eckhart Tolle","medio","alto"
"Jorge Cruz Dominguez","cliente438@cliente.com","0990000438","Periodista","51","Casi nunca","Historia","Literatura","Misterio","Jared Diamond","Charles Dickens","Bill Bryson","0","0","","","bajo","bajo"
"Constanza López Chávez","cliente439@cliente.com","0990000439","Docente","44","Casi nunca","Historia","Literatura","Autoayuda","José Saramago","Jared Diamond","Bill Bryson","330","1","Historia","Simon Schama","bajo","bajo"
"Silvia Medina Salazar","cliente440@cliente.com","0990000440","Ingeniero","31","A diario","Tecnologia","Ciencia Ficcion","Autoayuda","Tom Mitchell","Javier Zarca","William Gibson","4310","14","Tecnologia","Stuart Russell","alto","alto"
"Patricia Díaz Guerrero","cliente441@cliente.com","0990000441","Estudiante","24","Mensual","Fantasia","Ciencia Ficcion","Infantil","Rick Riordan","George R.R. Martin","Orson Scott Card","820","2","Fantasia","C.S. Lewis","bajo","bajo"
"Bárbara Muñoz Martínez","cliente442@cliente.com","0990000442","Estudiante","24","Varias veces por semana","Fantasia","Ciencia Ficcion","Infantil","C.S. Lewis","Frank Herbert","Aldous Huxley","2980","10","Fantasia","Neil Gaiman","alto","alto"
"Leonardo Cruz Chávez","cliente443@cliente.com","0990000443","Abogado","38","A diario","Historia","Literatura","Misterio","Charles C. Mann","Jorge Luis Borges","Dan Brown","2420","8","Literatura","Jorge Luis Borges","medio","alto"
"Camila González Rodríguez","cliente444@cliente.com","0990000444","Docente","43","Mensual","Historia","Literatura","Autoayuda","Simon Schama","Bill Bryson","Franz Kafka","1390","5","Autoayuda","Viktor Frankl","medio","medio"
"Mario Vargas Bravo","cliente445@cliente.com","0990000445","Abogado","45","Semanal","Historia","Literatura","Misterio","Jared Diamond","Juan Rulfo","Miguel de Cervantes","780","3","Literatura","Paula Hawkins","bajo","medio"
"Jorge Moreno Martínez","cliente446@cliente.com","0990000446","Estudiante","20","A diario","Fantasia","Ciencia Ficcion","Infantil","Patrick Rothfuss","J.R.R. Tolkien","Stanislaw Lem","2265","9","Infantil","J.R.R. Tolkien","medio","alto"
"Mónica Ponce Bravo","cliente447@cliente.com","0990000447","Ingeniero","54","Mensual","Tecnologia","Ciencia Ficcion","Autoayuda","Robert C. Martin","Paul Maier","Erich Gamma","680","2","Tecnologia","Andrew Hunt","bajo","bajo"
"Roberto Torres Ortiz","cliente448@cliente.com","0990000448","Docente","46","Mensual","Historia","Literatura","Autoayuda","Charles C. Mann","Charles Dickens","Jose Saramago","290","1","Autoayuda","James Clear","bajo","bajo"
"Pedro Silva Medina","cliente449@cliente.com","0990000449","Enfermero","21","Semanal","Literatura","Historia","Autoayuda","Harper Lee","Miguel de Cervantes","Charles Dickens","1490","6","Literatura","Charles Dickens","medio","alto"
"Carlos Chávez Chávez","cliente450@cliente.com","0990000450","Estudiante","21","Varias veces por semana","Fantasia","Ciencia Ficcion","Infantil","J.R.R. Tolkien","Rick Riordan","Frank Herbert","1950","8","Infantil","Antoine de Saint-Exupery","medio","alto"
"Oscar Lara Medina","cliente451@cliente.com","0990000451","Médico","57","Casi nunca","Autoayuda","Historia","Literatura","Paulo Coelho","Eckhart Tolle","Jack Weatherford","0","0","","","bajo","bajo"
"Jorge Jara Barría","cliente452@cliente.com","0990000452","Ingeniero","37","Varias veces por semana","Tecnologia","Ciencia Ficcion","Autoayuda","Robert C. Martin","Frank Herbert","William Gibson","2870","11","Autoayuda","Marie Kondo","alto","alto"
"Emilia Cortes Chávez","cliente453@cliente.com","0990000453","Estudiante","25","A diario","Fantasia","Ciencia Ficcion","Infantil","Neil Gaiman","George Orwell","Arthur C. Clarke","4750","19","Ciencia Ficcion","J.M. Barrie","alto","alto"
"Víctor Sánchez Vásquez","cliente454@cliente.com","0990000454","Docente","42","Casi nunca","Historia","Literatura","Autoayuda","Simon Schama","Charles C. Mann","Jack Weatherford","750","3","Autoayuda","Malcolm Gladwell","bajo","bajo"
"Fernando Barrera Salazar","cliente455@cliente.com","0990000455","Enfermero","56","Semanal","Literatura","Historia","Autoayuda","Gabriel Garcia Marquez","Fiodor Dostoievski","Jorge Luis Borges","1620","5","Historia","Jack Weatherford","medio","medio"
"José Contreras Reyes","cliente456@cliente.com","0990000456","Comerciante","20","Mensual","Literatura","Historia","Autoayuda","Juan Rulfo","Terence D'Altroy","Paulo Coelho","630","2","Historia","Terence N. D'Altroy","bajo","bajo"
"Alberto Herrera Ramírez","cliente457@cliente.com","0990000457","Estudiante","20","A diario","Fantasia","Ciencia Ficcion","Infantil","Patrick Rothfuss","Brandon Sanderson","Arthur C. Clarke","2675","9","Fantasia","Patrick Rothfuss","medio","alto"
"Andrea Díaz Bravo","cliente458@cliente.com","0990000458","Periodista","54","Casi nunca","Historia","Literatura","Misterio","Charles Dickens","José Saramago","Hugh Thomas","1140","3","Historia","Yuval Noah Harari","bajo","bajo"
"Bárbara Lara Díaz","cliente459@cliente.com","0990000459","Médico","28","Semanal","Autoayuda","Historia","Literatura","Marie Kondo","Viktor Frankl","Eckhart Tolle","1940","8","Autoayuda","Eckhart Tolle","medio","alto"
"Renata Mendoza López","cliente460@cliente.com","0990000460","Contador","36","A diario","Autoayuda","Historia","Romance","Stephen Covey","Terence D'Altroy","Paulo Coelho","4705","19","Autoayuda","Viktor Frankl","alto","alto"
"Elena Peralta Ortiz","cliente461@cliente.com","0990000461","Estudiante","24","A diario","Fantasia","Ciencia Ficcion","Infantil","J.K. Rowling","J.R.R. Tolkien","Terry Pratchett","6720","20","Ciencia Ficcion","Frank Herbert","alto","alto"
"Daniela Moreno Navarrete","cliente462@cliente.com","0990000462","Arquitecto","26","A diario","Literatura","Fantasia","Ciencia Ficcion","Juan Rulfo","Jorge Luis Borges","Robin Hobb","5420","19","Ciencia Ficcion","Stanislaw Lem","alto","alto"
"Ricardo Espinoza Barría","cliente463@cliente.com","0990000463","Constructor","59","Casi nunca","Literatura","Historia","Autoayuda","Gabriel Garcia Marquez","Julio Cortazar","Yuval Noah Harari","0","0","","","bajo","bajo"
"Constanza Garay Bustos","cliente464@cliente.com","0990000464","Constructor","42","Mensual","Literatura","Historia","Autoayuda","Julio Cortazar","Juan Rulfo","Charles Dickens","1450","5","Literatura","Jose Saramago","medio","medio"
"Augusto Figueroa Reyes","cliente465@cliente.com","0990000465","Arquitecto","44","A diario","Literatura","Fantasia","Romance","Isabel Allende","Neil Gaiman","Emily Bronte","2615","11","Literatura","Franz Kafka","medio","alto"
"Carmen Cabrera Torres","cliente466@cliente.com","0990000466","Docente","34","Mensual","Historia","Literatura","Autoayuda","Jack Weatherford","Yuval Noah Harari","Fiodor Dostoievski","480","2","Autoayuda","Eckhart Tolle","bajo","bajo"
"Elena Sánchez Chávez","cliente467@cliente.com","0990000467","Abogado","64","Casi nunca","Historia","Literatura","Misterio","José Saramago","Yuval Noah Harari","Jose Saramago","0","0","","","bajo","bajo"
"Hugo Martínez Navarrete","cliente468@cliente.com","0990000468","Programador","20","Mensual","Tecnologia","Ciencia Ficcion","Autoayuda","Stuart Russell","George Orwell","Eckhart Tolle","0","0","","","bajo","bajo"
"Beatriz Barría Molina","cliente469@cliente.com","0990000469","Estudiante","22","A diario","Fantasia","Ciencia Ficcion","Infantil","Rick Riordan","Brandon Sanderson","William Gibson","6280","21","Fantasia","Rick Riordan","alto","alto"
"Patricia Montero Morales","cliente470@cliente.com","0990000470","Estudiante","20","A diario","Fantasia","Ciencia Ficcion","Infantil","Brandon Sanderson","Robin Hobb","Stanislaw Lem","3700","11","Ciencia Ficcion","Isaac Asimov","alto","alto"
"Daniel Jiménez Muñoz","cliente471@cliente.com","0990000471","Estudiante","18","A diario","Fantasia","Ciencia Ficcion","Infantil","George R.R. Martin","Rick Riordan","Patrick Rothfuss","3540","12","Fantasia","J.M. Barrie","alto","alto"
"Raúl Díaz Garay","cliente472@cliente.com","0990000472","Veterinario","43","Semanal","Literatura","Historia","Autoayuda","Isabel Allende","Jose Saramago","Hugh Thomas","1730","5","Historia","Charles C. Mann","medio","medio"
"Elena Espinoza García","cliente473@cliente.com","0990000473","Estudiante","18","A diario","Fantasia","Ciencia Ficcion","Infantil","Patrick Rothfuss","William Gibson","Douglas Adams","5725","23","Infantil","J.R.R. Tolkien","alto","alto"
"Marcos García Torres","cliente474@cliente.com","0990000474","Docente","56","Semanal","Historia","Literatura","Autoayuda","Charles C. Mann","Yuval Noah Harari","Fiodor Dostoievski","720","3","Autoayuda","Viktor Frankl","bajo","medio"
"Ricardo Jara Jiménez","cliente475@cliente.com","0990000475","Docente","56","Semanal","Historia","Literatura","Autoayuda","Jack Weatherford","Jared Diamond","Hugh Thomas","660","3","Literatura","Jorge Luis Borges","bajo","medio"
"Fernanda Ortiz Herrera","cliente476@cliente.com","0990000476","Estudiante","20","A diario","Fantasia","Ciencia Ficcion","Infantil","J.R.R. Tolkien","Douglas Adams","Lewis Carroll","4625","16","Ciencia Ficcion","Aldous Huxley","alto","alto"
"Patricio Ibarra Rangel","cliente477@cliente.com","0990000477","Médico","39","Varias veces por semana","Autoayuda","Historia","Literatura","Carol Dweck","Bill Bryson","Charles C. Mann","3070","11","Literatura","Stephen Covey","alto","alto"
"Andrea Espinoza Rodríguez","cliente478@cliente.com","0990000478","Ingeniero","49","Casi nunca","Tecnologia","Ciencia Ficcion","Autoayuda","Thomas Cormen","Paul Maier","Stanislaw Lem","620","2","Ciencia Ficcion","Isaac Asimov","bajo","bajo"
"Jorge López Vargas","cliente479@cliente.com","0990000479","Estudiante","18","A diario","Fantasia","Ciencia Ficcion","Infantil","Rick Riordan","Brandon Sanderson","Douglas Adams","4460","13","Ciencia Ficcion","J.R.R. Tolkien","alto","alto"
"Marcos Montero Cabrera","cliente480@cliente.com","0990000480","Electricista","33","Mensual","Literatura","Historia","Autoayuda","Franz Kafka","Jorge Luis Borges","Bill Bryson","250","1","Autoayuda","Viktor Frankl","bajo","bajo"
"Samuel Herrera Díaz","cliente481@cliente.com","0990000481","Arquitecto","28","Semanal","Literatura","Fantasia","Tecnologia","Julio Cortazar","Isabel Allende","Jose Saramago","0","0","","","bajo","bajo"
"Lorena Vargas Rivera","cliente482@cliente.com","0990000482","Médico","58","Semanal","Autoayuda","Historia","Literatura","Viktor Frankl","Stephen Covey","Charles C. Mann","570","3","Literatura","Franz Kafka","bajo","medio"
"Valeria Silva Rivera","cliente483@cliente.com","0990000483","Docente","53","Semanal","Historia","Literatura","Autoayuda","Yuval Noah Harari","Terence D'Altroy","Bill Bryson","1470","7","Literatura","Franz Kafka","medio","alto"
"Marcelo Díaz Jiménez","cliente484@cliente.com","0990000484","Contador","29","Varias veces por semana","Autoayuda","Historia","Infantil","Napoleon Hill","Simon Schama","Dr. Seuss","4240","16","Autoayuda","James Clear","alto","alto"
"Valentina Ortiz Rivera","cliente485@cliente.com","0990000485","Estudiante","25","Varias veces por semana","Fantasia","Ciencia Ficcion","Infantil","Neil Gaiman","Patrick Rothfuss","Rick Riordan","3040","10","Ciencia Ficcion","Isaac Asimov","alto","alto"
"Hugo Gómez Herrera","cliente486@cliente.com","0990000486","Contador","48","Mensual","Autoayuda","Historia","Tecnologia","James Clear","Bill Bryson","Stuart Russell","640","2","Tecnologia","Erich Gamma","bajo","bajo"
"Gonzalo Cruz Ponce","cliente487@cliente.com","0990000487","Arquitecto","40","A diario","Literatura","Fantasia","Tecnologia","Isabel Allende","Patrick Rothfuss","J.R.R. Tolkien","3160","10","Literatura","Isabel Allende","alto","alto"
"Laura Rivera León","cliente488@cliente.com","0990000488","Médico","38","Semanal","Autoayuda","Historia","Literatura","Eckhart Tolle","Carol Dweck","Terence D'Altroy","220","1","Historia","Charles Dickens","bajo","medio"
"Camila Guerrero Muñoz","cliente489@cliente.com","0990000489","Contador","32","Semanal","Autoayuda","Historia","Literatura","Viktor Frankl","Napoleon Hill","Stephen Covey","900","3","Literatura","Julio Cortazar","bajo","medio"
"Antonella Rangel Peralta","cliente490@cliente.com","0990000490","Estudiante","20","Mensual","Fantasia","Ciencia Ficcion","Infantil","Terry Pratchett","George R.R. Martin","J.R.R. Tolkien","650","4","Infantil","Antoine de Saint-Exupery","bajo","medio"
"Miguel Paredes Sánchez","cliente491@cliente.com","0990000491","Abogado","64","Mensual","Historia","Literatura","Misterio","José Saramago","Jared Diamond","Franz Kafka","1610","5","Misterio","Thomas Harris","medio","medio"
"Camila Herrera Garay","cliente492@cliente.com","0990000492","Médico","59","Semanal","Autoayuda","Historia","Literatura","Marie Kondo","Stephen Covey","Carol Dweck","1500","5","Literatura","Miguel de Cervantes","medio","medio"
"Pedro Espinoza Ramírez","cliente493@cliente.com","0990000493","Estudiante","22","Varias veces por semana","Fantasia","Ciencia Ficcion","Infantil","Brandon Sanderson","Patrick Rothfuss","Orson Scott Card","2540","7","Fantasia","J.R.R. Tolkien","medio","alto"
"Lorena López Guerrero","cliente494@cliente.com","0990000494","Estudiante","23","A diario","Fantasia","Ciencia Ficcion","Infantil","Terry Pratchett","George Orwell","Aldous Huxley","2690","9","Ciencia Ficcion","Suzanne Collins","medio","alto"
"Pedro Soto Torres","cliente495@cliente.com","0990000495","Contador","33","Mensual","Autoayuda","Historia","Literatura","James Clear","Eckhart Tolle","Simon Schama","810","3","Literatura","William Faulkner","bajo","medio"
"Andrea Chávez Moreno","cliente496@cliente.com","0990000496","Abogado","65","Casi nunca","Historia","Literatura","Misterio","Yuval Noah Harari","Terence D'Altroy","Jorge Luis Borges","280","1","Misterio","Patricia Cornwell","bajo","bajo"
"Martina López Gómez","cliente497@cliente.com","0990000497","Estudiante","24","Varias veces por semana","Fantasia","Ciencia Ficcion","Infantil","J.R.R. Tolkien","Frank Herbert","Arthur C. Clarke","870","2","Fantasia","C.S. Lewis","bajo","medio"
"Sofía Díaz Ávila","cliente498@cliente.com","0990000498","Diseñador","42","Casi nunca","Literatura","Fantasia","Romance","Harper Lee","C.S. Lewis","J.K. Rowling","0","0","","","bajo","bajo"
"Carlos Rivera Vega","cliente499@cliente.com","0990000499","Ingeniero","40","Semanal","Tecnologia","Ciencia Ficcion","Autoayuda","Susan Cruz","Paul Maier","Aldous Huxley","1640","6","Ciencia Ficcion","Stanislaw Lem","medio","alto"
"Camila Cruz González","cliente500@cliente.com","0990000500","Docente","36","Semanal","Historia","Literatura","Autoayuda","Simon Schama","Terence D'Altroy","Miguel de Cervantes","540","2","Autoayuda","Dale Carnegie","bajo","medio"
"Ricardo Paredes Herrera","cliente501@cliente.com","0990000501","Psicólogo","23","A diario","Autoayuda","Historia","Literatura","Marie Kondo","Carol Dweck","Charles C. Mann","4140","15","Historia","Jose Saramago","alto","alto"
"Silvia Morales Ponce","cliente502@cliente.com","0990000502","Contador","41","Semanal","Autoayuda","Historia","Ciencia Ficcion","James Clear","Stephen Covey","Jack Weatherford","3230","9","Historia","Orson Scott Card","alto","alto"
"Santiago Pérez Dominguez","cliente503@cliente.com","0990000503","Ingeniero","28","Semanal","Tecnologia","Ciencia Ficcion","Autoayuda","Susan Cruz","Marcus Garrido","Erich Gamma","2480","7","Ciencia Ficcion","Frank Herbert","medio","alto"
"María Zamora Jara","cliente504@cliente.com","0990000504","Estudiante","21","Varias veces por semana","Fantasia","Ciencia Ficcion","Infantil","Patrick Rothfuss","Neil Gaiman","William Gibson","1710","5","Fantasia","J.R.R. Tolkien","medio","alto"
"Elena Vargas Torres","cliente505@cliente.com","0990000505","Veterinario","42","Casi nunca","Literatura","Historia","Autoayuda","Miguel de Cervantes","Charles Dickens","Yuval Noah Harari","0","0","","","bajo","bajo"
"Antonella López Ortiz","cliente506@cliente.com","0990000506","Médico","30","Mensual","Autoayuda","Historia","Literatura","Stephen Covey","Simon Schama","Jack Weatherford","690","3","Historia","Charles Dickens","bajo","medio"
"Marcelo Silva Herrera","cliente507@cliente.com","0990000507","Psicólogo","21","Mensual","Autoayuda","Historia","Literatura","Carol Dweck","Napoleon Hill","Viktor Frankl","300","1","Literatura","Julio Cortazar","bajo","bajo"
"Camila Lara Medina","cliente508@cliente.com","0990000508","Estudiante","26","Mensual","Fantasia","Ciencia Ficcion","Infantil","Neil Gaiman","Stanislaw Lem","L. Frank Baum","990","3","Ciencia Ficcion","Stanislaw Lem","bajo","medio"
"Diego Moreno Chávez","cliente509@cliente.com","0990000509","Estudiante","20","A diario","Fantasia","Ciencia Ficcion","Infantil","C.S. Lewis","J.K. Rowling","Rick Riordan","4715","18","Infantil","Mark Twain","alto","alto"
"Ana Morales Cárdenas","cliente510@cliente.com","0990000510","Estudiante","23","A diario","Fantasia","Ciencia Ficcion","Infantil","George R.R. Martin","Patrick Rothfuss","William Gibson","1645","6","Infantil","Orson Scott Card","medio","alto"
"María Jara Flores","cliente511@cliente.com","0990000511","Arquitecto","39","A diario","Literatura","Fantasia","Tecnologia","Julio Cortazar","George R.R. Martin","Stuart Russell","8070","23","Fantasia","Neil Gaiman","alto","alto"
"Ernesto Zamora Guerrero","cliente512@cliente.com","0990000512","Docente","38","Varias veces por semana","Historia","Literatura","Autoayuda","Simon Schama","Jack Weatherford","Yuval Noah Harari","1050","4","Literatura","Miguel de Cervantes","bajo","alto"
"Paola Vargas Cortes","cliente513@cliente.com","0990000513","Programador","57","Casi nunca","Tecnologia","Ciencia Ficcion","Autoayuda","Thomas Cormen","Stanislaw Lem","James Clear","930","3","Ciencia Ficcion","Isaac Asimov","bajo","bajo"
"Tomás Castillo Muñoz","cliente514@cliente.com","0990000514","Comerciante","42","A diario","Literatura","Historia","Autoayuda","Jose Saramago","Harper Lee","José Saramago","5050","19","Autoayuda","Dale Carnegie","alto","alto"
"Matías Núñez Carrasco","cliente515@cliente.com","0990000515","Diseñador","42","A diario","Literatura","Fantasia","Tecnologia","Franz Kafka","Gabriel Garcia Marquez","J.K. Rowling","8440","25","Tecnologia","Stuart Russell","alto","alto"
"Eduardo Soto García","cliente516@cliente.com","0990000516","Abogado","49","Semanal","Historia","Literatura","Misterio","Yuval Noah Harari","Miguel de Cervantes","Isabel Allende","0","0","","","bajo","bajo"
"Beatriz Cabrera Guerrero","cliente517@cliente.com","0990000517","Abogado","39","Mensual","Historia","Literatura","Misterio","Jack Weatherford","Jorge Luis Borges","Jose Saramago","940","3","Literatura","Gabriel Garcia Marquez","bajo","medio"
"Patricia Espinoza Lara","cliente518@cliente.com","0990000518","Programador","27","A diario","Tecnologia","Ciencia Ficcion","Autoayuda","Tom Mitchell","Marcus Garrido","Ray Bradbury","4320","13","Ciencia Ficcion","Isaac Asimov","alto","alto"
"Bárbara Garay Medina","cliente519@cliente.com","0990000519","Contador","36","Semanal","Autoayuda","Historia","Misterio","Carol Dweck","Malcolm Gladwell","Jack Weatherford","240","1","Autoayuda","Eckhart Tolle","bajo","medio"
"Gonzalo Núñez García","cliente520@cliente.com","0990000520","Estudiante","21","Mensual","Fantasia","Ciencia Ficcion","Infantil","Brandon Sanderson","Stanislaw Lem","Arthur C. Clarke","600","3","Infantil","Roald Dahl","bajo","medio"
"Mónica Ibarra Barría","cliente521@cliente.com","0990000521","Diseñador","56","Mensual","Literatura","Fantasia","Autoayuda","Gabriel Garcia Marquez","Julio Cortazar","Fiodor Dostoievski","1300","4","Fantasia","Neil Gaiman","medio","medio"
"Beatriz Flores Fuentes","cliente522@cliente.com","0990000522","Ingeniero","30","Mensual","Tecnologia","Ciencia Ficcion","Autoayuda","Andrew Hunt","Marcus Garrido","Susan Cruz","1450","5","Autoayuda","James Clear","medio","medio"
"Fernanda Castillo Barrera","cliente523@cliente.com","0990000523","Estudiante","19","Varias veces por semana","Fantasia","Ciencia Ficcion","Infantil","Neil Gaiman","Douglas Adams","L. Frank Baum","6775","21","Fantasia","Patrick Rothfuss","alto","alto"
"Graciela Moreno Medina","cliente524@cliente.com","0990000524","Estudiante","22","Varias veces por semana","Fantasia","Ciencia Ficcion","Infantil","Rick Riordan","Arthur C. Clarke","George Orwell","3685","16","Infantil","Roald Dahl","alto","alto"
"Graciela Castillo Castillo","cliente525@cliente.com","0990000525","Estudiante","22","A diario","Fantasia","Ciencia Ficcion","Infantil","Terry Pratchett","J.K. Rowling","George Orwell","4710","18","Ciencia Ficcion","George Orwell","alto","alto"
"Adrián Ibarra Cabrera","cliente526@cliente.com","0990000526","Psicólogo","31","A diario","Autoayuda","Historia","Literatura","Malcolm Gladwell","Dale Carnegie","Jared Diamond","3550","14","Autoayuda","Napoleon Hill","alto","alto"
"Silvia Fuentes Rodríguez","cliente527@cliente.com","0990000527","Electricista","24","Semanal","Literatura","Historia","Autoayuda","Fiodor Dostoievski","Harper Lee","Miguel de Cervantes","3260","12","Autoayuda","Paulo Coelho","alto","alto"
"Elena Jiménez Pérez","cliente528@cliente.com","0990000528","Estudiante","20","Varias veces por semana","Fantasia","Ciencia Ficcion","Infantil","Patrick Rothfuss","William Gibson","Arthur C. Clarke","3270","12","Infantil","J.R.R. Tolkien","alto","alto"
"Alejandra Herrera Guerrero","cliente529@cliente.com","0990000529","Ingeniero","25","A diario","Tecnologia","Ciencia Ficcion","Autoayuda","Tom Mitchell","Paul Maier","Andrew Hunt","1620","7","Autoayuda","Paulo Coelho","medio","alto"
"Miguel Sánchez Garay","cliente530@cliente.com","0990000530","Estudiante","24","Varias veces por semana","Fantasia","Ciencia Ficcion","Infantil","Rick Riordan","Arthur C. Clarke","Stanislaw Lem","4040","12","Fantasia","J.R.R. Tolkien","alto","alto"
"Julio García Chávez","cliente531@cliente.com","0990000531","Periodista","46","Semanal","Historia","Literatura","Misterio","Simon Schama","Jose Saramago","Agatha Christie","2150","7","Historia","Terence N. D'Altroy","medio","alto"
"Daniela Cruz Martínez","cliente532@cliente.com","0990000532","Estudiante","24","A diario","Fantasia","Ciencia Ficcion","Infantil","J.K. Rowling","Arthur C. Clarke","Orson Scott Card","2025","8","Ciencia Ficcion","George Orwell","medio","alto"
"Graciela Rivera Contreras","cliente533@cliente.com","0990000533","Electricista","43","Semanal","Literatura","Historia","Autoayuda","Miguel de Cervantes","Isabel Allende","Harper Lee","2480","9","Autoayuda","Paulo Coelho","medio","alto"
"Ricardo Figueroa Jiménez","cliente534@cliente.com","0990000534","Médico","62","Casi nunca","Autoayuda","Historia","Literatura","Napoleon Hill","Charles C. Mann","Yuval Noah Harari","0","0","","","bajo","bajo"
"Florencia Soto Guerrero","cliente535@cliente.com","0990000535","Enfermero","30","Varias veces por semana","Literatura","Historia","Autoayuda","Juan Rulfo","Julio Cortazar","Jack Weatherford","1840","7","Autoayuda","Eckhart Tolle","medio","alto"
"Esteban Guerrero Chávez","cliente536@cliente.com","0990000536","Diseñador","60","Mensual","Literatura","Fantasia","Tecnologia","Miguel de Cervantes","Patrick Rothfuss","Tom Mitchell","1570","6","Literatura","Franz Kafka","medio","medio"
"María Jara Moreno","cliente537@cliente.com","0990000537","Electricista","28","Mensual","Literatura","Historia","Autoayuda","Julio Cortazar","Franz Kafka","Fiodor Dostoievski","520","2","Literatura","Harper Lee","bajo","bajo"
"Emilia Cruz Lara","cliente538@cliente.com","0990000538","Estudiante","24","Mensual","Fantasia","Ciencia Ficcion","Infantil","C.S. Lewis","Frank Herbert","William Gibson","1345","5","Infantil","L. Frank Baum","medio","medio"
"Rosa Díaz Gómez","cliente539@cliente.com","0990000539","Diseñador","34","Varias veces por semana","Literatura","Fantasia","Tecnologia","Gabriel Garcia Marquez","Terry Pratchett","Tom Mitchell","4960","17","Tecnologia","Jorge Luis Borges","alto","alto"
"César Rivera Muñoz","cliente540@cliente.com","0990000540","Médico","45","Semanal","Autoayuda","Historia","Literatura","Napoleon Hill","Paulo Coelho","Marie Kondo","400","1","Historia","Jared Diamond","bajo","medio"
"Andrés Jiménez Dominguez","cliente541@cliente.com","0990000541","Estudiante","24","Varias veces por semana","Fantasia","Ciencia Ficcion","Infantil","Patrick Rothfuss","J.R.R. Tolkien","Aldous Huxley","2450","11","Infantil","Roald Dahl","medio","alto"
"Jorge Flores Gómez","cliente542@cliente.com","0990000542","Abogado","55","Mensual","Historia","Literatura","Misterio","Charles C. Mann","Simon Schama","Jose Saramago","1020","3","Historia","Jack Weatherford","bajo","medio"
"Gloria Zamora González","cliente543@cliente.com","0990000543","Contador","45","Semanal","Autoayuda","Historia","Literatura","Viktor Frankl","Dale Carnegie","José Saramago","1050","4","Historia","Terence N. D'Altroy","bajo","medio"
"Miguel Sánchez Gómez","cliente544@cliente.com","0990000544","Estudiante","19","A diario","Fantasia","Ciencia Ficcion","Infantil","Brandon Sanderson","Aldous Huxley","Orson Scott Card","6170","22","Ciencia Ficcion","Stanislaw Lem","alto","alto"
"Héctor Vásquez Iglesias","cliente545@cliente.com","0990000545","Docente","59","Mensual","Historia","Literatura","Autoayuda","Terence D'Altroy","Hugh Thomas","Fiodor Dostoievski","1020","3","Historia","Jack Weatherford","bajo","medio"
"Patricia Ortiz Núñez","cliente546@cliente.com","0990000546","Estudiante","22","A diario","Fantasia","Ciencia Ficcion","Infantil","George R.R. Martin","Frank Herbert","Dr. Seuss","8870","28","Fantasia","C.S. Lewis","alto","alto"
"Paola Cruz Herrera","cliente547@cliente.com","0990000547","Contador","60","Mensual","Autoayuda","Historia","Literatura","James Clear","Charles Dickens","Fiodor Dostoievski","470","2","Autoayuda","Malcolm Gladwell","bajo","bajo"
"Eugenio Rodríguez Rodríguez","cliente548@cliente.com","0990000548","Médico","60","Mensual","Autoayuda","Historia","Literatura","Napoleon Hill","Charles C. Mann","Jack Weatherford","0","0","","","bajo","bajo"
"Daniel Sánchez Rivera","cliente549@cliente.com","0990000549","Periodista","20","Semanal","Historia","Literatura","Misterio","Jared Diamond","Miguel de Cervantes","Dan Brown","1680","5","Historia","Yuval Noah Harari","medio","medio"
"Eduardo Mendoza Flores","cliente550@cliente.com","0990000550","Estudiante","24","A diario","Fantasia","Ciencia Ficcion","Infantil","Terry Pratchett","Neil Gaiman","Stanislaw Lem","6990","21","Ciencia Ficcion","J.R.R. Tolkien","alto","alto"
"Andrea García Contreras","cliente551@cliente.com","0990000551","Veterinario","38","Semanal","Literatura","Historia","Autoayuda","Fiodor Dostoievski","Juan Rulfo","Terence D'Altroy","240","1","Literatura","Juan Rulfo","bajo","medio"
"Kevin Lara Bravo","cliente552@cliente.com","0990000552","Abogado","29","Varias veces por semana","Historia","Literatura","Misterio","Jack Weatherford","Miguel de Cervantes","Harper Lee","3550","12","Historia","Miguel de Cervantes","alto","alto"
"Camila Salazar Chávez","cliente553@cliente.com","0990000553","Arquitecto","48","Mensual","Literatura","Fantasia","Tecnologia","Fiodor Dostoievski","Patrick Rothfuss","Rick Riordan","2590","7","Fantasia","Neil Gaiman","medio","medio"
"Matías Prieto Rodríguez","cliente554@cliente.com","0990000554","Médico","32","Mensual","Autoayuda","Historia","Literatura","Viktor Frankl","Jack Weatherford","Isabel Allende","200","1","Literatura","Franz Kafka","bajo","bajo"
"Fausto Martínez Barrera","cliente555@cliente.com","0990000555","Programador","59","A diario","Tecnologia","Ciencia Ficcion","Autoayuda","Erich Gamma","Javier Zarca","George Orwell","4690","16","Autoayuda","William Gibson","alto","alto"
"Javier Molina Reyes","cliente556@cliente.com","0990000556","Psicólogo","49","A diario","Autoayuda","Historia","Literatura","Napoleon Hill","James Clear","Terence D'Altroy","2440","9","Autoayuda","Malcolm Gladwell","medio","alto"
"Fernanda Lara Jiménez","cliente557@cliente.com","0990000557","Enfermero","39","Mensual","Literatura","Historia","Autoayuda","Miguel de Cervantes","Gabriel Garcia Marquez","Harper Lee","460","2","Literatura","Jorge Luis Borges","bajo","bajo"
"Rodrigo Soto Lara","cliente558@cliente.com","0990000558","Constructor","32","Semanal","Literatura","Historia","Autoayuda","Miguel de Cervantes","Franz Kafka","Yuval Noah Harari","2390","8","Historia","Simon Schama","medio","alto"
"Andrés Dominguez González","cliente559@cliente.com","0990000559","Constructor","54","A diario","Literatura","Historia","Autoayuda","Jose Saramago","Terence D'Altroy","Paulo Coelho","4370","15","Autoayuda","Dale Carnegie","alto","alto"
"Raúl Muñoz Medina","cliente560@cliente.com","0990000560","Estudiante","23","Semanal","Fantasia","Ciencia Ficcion","Infantil","C.S. Lewis","J.R.R. Tolkien","Frank Herbert","2080","6","Fantasia","J.R.R. Tolkien","medio","alto"
"Sofía Contreras Prieto","cliente561@cliente.com","0990000561","Ingeniero","27","Varias veces por semana","Tecnologia","Ciencia Ficcion","Autoayuda","Susan Cruz","Stanislaw Lem","Frank Herbert","1790","6","Autoayuda","James Clear","medio","alto"
"Manuel Mendoza Díaz","cliente562@cliente.com","0990000562","Médico","37","Mensual","Autoayuda","Historia","Literatura","Carol Dweck","Napoleon Hill","Terence D'Altroy","290","1","Autoayuda","Stephen Covey","bajo","bajo"
"Beatriz Ibarra Salazar","cliente563@cliente.com","0990000563","Abogado","36","Semanal","Historia","Literatura","Misterio","Jared Diamond","Charles Dickens","Miguel de Cervantes","1410","5","Historia","Yuval Noah Harari","medio","medio"
"Miguel Cruz Sánchez","cliente564@cliente.com","0990000564","Abogado","34","Varias veces por semana","Historia","Literatura","Misterio","Bill Bryson","José Saramago","Charles Dickens","3020","12","Literatura","Franz Kafka","alto","alto"
"Camila Sánchez Soto","cliente565@cliente.com","0990000565","Médico","47","A diario","Autoayuda","Historia","Literatura","Paulo Coelho","James Clear","Eckhart Tolle","3790","12","Historia","Jared Diamond","alto","alto"
"Andrea Flores Soto","cliente566@cliente.com","0990000566","Docente","36","A diario","Historia","Literatura","Autoayuda","Yuval Noah Harari","Simon Schama","Jorge Luis Borges","2920","9","Historia","Yuval Noah Harari","alto","alto"
"Verónica Silva Dominguez","cliente567@cliente.com","0990000567","Periodista","60","Casi nunca","Historia","Literatura","Misterio","Bill Bryson","Franz Kafka","Miguel de Cervantes","550","2","Misterio","Scott Turow","bajo","bajo"
"Luis Flores Mendoza","cliente568@cliente.com","0990000568","Chef","46","Mensual","Historia","Literatura","Autoayuda","Bill Bryson","Jared Diamond","José Saramago","0","0","","","bajo","bajo"
"Iván Medina Prieto","cliente569@cliente.com","0990000569","Estudiante","18","A diario","Fantasia","Ciencia Ficcion","Infantil","J.R.R. Tolkien","Neil Gaiman","Brandon Sanderson","1185","5","Infantil","Johanna Spyri","medio","alto"
"Daniela Sánchez Ávila","cliente570@cliente.com","0990000570","Ingeniero","41","Semanal","Tecnologia","Ciencia Ficcion","Autoayuda","Marcus Garrido","Orson Scott Card","William Gibson","1030","4","Ciencia Ficcion","Marie Kondo","bajo","medio"
"Alberto Flores López","cliente571@cliente.com","0990000571","Arquitecto","28","Mensual","Literatura","Fantasia","Tecnologia","Jorge Luis Borges","Franz Kafka","Julio Cortazar","0","0","","","bajo","bajo"
"Sofía Barrera Soto","cliente572@cliente.com","0990000572","Contador","26","Semanal","Autoayuda","Historia","Literatura","Stephen Covey","James Clear","Eckhart Tolle","2510","9","Literatura","Juan Rulfo","medio","alto"
"Valeria Vargas García","cliente573@cliente.com","0990000573","Enfermero","21","Semanal","Literatura","Historia","Autoayuda","Harper Lee","Franz Kafka","Isabel Allende","0","0","","","bajo","bajo"
"Patricio Soto Cortes","cliente574@cliente.com","0990000574","Estudiante","26","Varias veces por semana","Fantasia","Ciencia Ficcion","Infantil","Rick Riordan","George Orwell","Stanislaw Lem","3320","13","Infantil","Mark Twain","alto","alto"
"Ricardo Martínez Montero","cliente575@cliente.com","0990000575","Periodista","56","Casi nunca","Historia","Literatura","Misterio","Jared Diamond","Julio Cortazar","Agatha Christie","0","0","","","bajo","bajo"
"Marcelo Ortiz Iglesias","cliente576@cliente.com","0990000576","Abogado","60","Mensual","Historia","Literatura","Misterio","Charles Dickens","Terence D'Altroy","Harper Lee","600","2","Literatura","Julio Cortazar","bajo","bajo"
"Renata Vargas Vásquez","cliente577@cliente.com","0990000577","Arquitecto","34","Varias veces por semana","Literatura","Fantasia","Romance","Juan Rulfo","Neil Gaiman","George R.R. Martin","4560","15","Literatura","Jojo Moyes","alto","alto"
"Rosa Barría Ramírez","cliente578@cliente.com","0990000578","Médico","64","Semanal","Autoayuda","Historia","Literatura","Napoleon Hill","Jack Weatherford","Julio Cortazar","2400","10","Literatura","Franz Kafka","medio","alto"
"Felipe Zamora Sánchez","cliente579@cliente.com","0990000579","Ingeniero","45","A diario","Tecnologia","Ciencia Ficcion","Autoayuda","Marcus Garrido","Javier Zarca","Frank Herbert","3240","12","Autoayuda","Eckhart Tolle","alto","alto"
"César López Rangel","cliente580@cliente.com","0990000580","Constructor","41","A diario","Literatura","Historia","Autoayuda","Jorge Luis Borges","Jose Saramago","Harper Lee","3360","11","Historia","Franz Kafka","alto","alto"
"Paola Ortiz Contreras","cliente581@cliente.com","0990000581","Estudiante","21","Semanal","Fantasia","Ciencia Ficcion","Infantil","Terry Pratchett","Isaac Asimov","Douglas Adams","1170","3","Ciencia Ficcion","Frank Herbert","bajo","medio"
"Gabriel Muñoz Pérez","cliente582@cliente.com","0990000582","Estudiante","21","Semanal","Fantasia","Ciencia Ficcion","Infantil","J.K. Rowling","Neil Gaiman","Brandon Sanderson","1510","6","Infantil","J.M. Barrie","medio","alto"
"Graciela Chávez Cruz","cliente583@cliente.com","0990000583","Psicólogo","33","Mensual","Autoayuda","Historia","Literatura","Viktor Frankl","James Clear","Simon Schama","0","0","","","bajo","bajo"
"Adrián Vargas Montero","cliente584@cliente.com","0990000584","Abogado","30","Varias veces por semana","Historia","Literatura","Misterio","Bill Bryson","Simon Schama","Isabel Allende","990","3","Misterio","Thomas Harris","bajo","alto"
"Patricia Rivera Muñoz","cliente585@cliente.com","0990000585","Estudiante","22","Semanal","Fantasia","Ciencia Ficcion","Infantil","George R.R. Martin","J.R.R. Tolkien","Terry Pratchett","1260","5","Ciencia Ficcion","Isaac Asimov","medio","medio"
"Carlos Garay Díaz","cliente586@cliente.com","0990000586","Médico","48","Semanal","Autoayuda","Historia","Literatura","Eckhart Tolle","Napoleon Hill","Paulo Coelho","3110","11","Historia","Terence N. D'Altroy","alto","alto"
"Andrea Medina Vargas","cliente587@cliente.com","0990000587","Arquitecto","49","A diario","Literatura","Fantasia","Infantil","Harper Lee","J.K. Rowling","J.M. Barrie","5565","21","Infantil","E.B. White","alto","alto"
"Nicolás Rivera Guerrero","cliente588@cliente.com","0990000588","Médico","46","Semanal","Autoayuda","Historia","Literatura","Stephen Covey","Eckhart Tolle","Marie Kondo","600","2","Historia","Simon Schama","bajo","medio"
"Diego Ponce Pizarro","cliente589@cliente.com","0990000589","Abogado","46","Semanal","Historia","Literatura","Misterio","Bill Bryson","Simon Schama","Terence D'Altroy","2630","8","Literatura","William Faulkner","medio","alto"
"Valeria Muñoz Flores","cliente590@cliente.com","0990000590","Chef","27","Semanal","Historia","Literatura","Autoayuda","Simon Schama","Jack Weatherford","Gabriel Garcia Marquez","3750","15","Historia","Charles Dickens","alto","alto"
"Graciela Figueroa Muñoz","cliente591@cliente.com","0990000591","Estudiante","24","A diario","Fantasia","Ciencia Ficcion","Infantil","Neil Gaiman","Isaac Asimov","Douglas Adams","4240","13","Fantasia","J.R.R. Tolkien","alto","alto"
"Daniela Castillo Paredes","cliente592@cliente.com","0990000592","Psicólogo","49","Mensual","Autoayuda","Historia","Literatura","Eckhart Tolle","Paulo Coelho","Bill Bryson","1560","6","Historia","Terence N. D'Altroy","medio","medio"
"Claudio Rodríguez Gómez","cliente593@cliente.com","0990000593","Docente","44","Mensual","Historia","Literatura","Autoayuda","Jared Diamond","Charles Dickens","Fiodor Dostoievski","1310","5","Literatura","Jorge Luis Borges","medio","medio"
"Patricia Zamora Dominguez","cliente594@cliente.com","0990000594","Diseñador","50","Semanal","Literatura","Fantasia","Ciencia Ficcion","Julio Cortazar","Isabel Allende","Gabriel Garcia Marquez","870","3","Ciencia Ficcion","Douglas Adams","bajo","medio"
"Bárbara Morales Mendoza","cliente595@cliente.com","0990000595","Psicólogo","56","Semanal","Autoayuda","Historia","Literatura","Malcolm Gladwell","Viktor Frankl","Simon Schama","800","2","Historia","Jared Diamond","bajo","medio"
"Fernanda Molina Pérez","cliente596@cliente.com","0990000596","Periodista","32","Mensual","Historia","Literatura","Misterio","Jared Diamond","Hugh Thomas","Jose Saramago","810","3","Misterio","Joel Dicker","bajo","medio"
"Andrea Cruz Navarrete","cliente597@cliente.com","0990000597","Comerciante","58","Casi nunca","Literatura","Historia","Autoayuda","Fiodor Dostoievski","Jack Weatherford","Napoleon Hill","760","2","Historia","Yuval Noah Harari","bajo","bajo"
"Roberta Morales Muñoz","cliente598@cliente.com","0990000598","Arquitecto","35","Mensual","Literatura","Fantasia","Tecnologia","Jose Saramago","Gabriel Garcia Marquez","Julio Cortazar","580","2","Tecnologia","Marcus Garrido","bajo","bajo"
"Valentina Medina Molina","cliente599@cliente.com","0990000599","Docente","40","Mensual","Historia","Literatura","Autoayuda","Charles Dickens","Simon Schama","Harper Lee","930","3","Historia","Terence N. D'Altroy","bajo","medio"
"Gloria Romero Espinoza","cliente600@cliente.com","0990000600","Programador","42","Casi nunca","Tecnologia","Ciencia Ficcion","Autoayuda","Javier Zarca","Aldous Huxley","Frank Herbert","620","2","Tecnologia","Susan Cruz","bajo","bajo"
"Mónica Moreno Cruz","cliente601@cliente.com","0990000601","Ingeniero","39","Semanal","Tecnologia","Ciencia Ficcion","Autoayuda","Thomas Cormen","Tom Mitchell","Arthur C. Clarke","1520","5","Ciencia Ficcion","Suzanne Collins","medio","medio"
"Fausto González Muñoz","cliente602@cliente.com","0990000602","Docente","35","Mensual","Historia","Literatura","Autoayuda","Hugh Thomas","Julio Cortazar","Jose Saramago","1330","6","Literatura","Franz Kafka","medio","medio"
"Manuel Jara Rodríguez","cliente603@cliente.com","0990000603","Estudiante","20","Varias veces por semana","Fantasia","Ciencia Ficcion","Infantil","C.S. Lewis","Arthur C. Clarke","George Orwell","4960","17","Ciencia Ficcion","Arthur C. Clarke","alto","alto"
"Roberto Ávila Gómez","cliente604@cliente.com","0990000604","Mecánico","32","A diario","Literatura","Historia","Autoayuda","Fiodor Dostoievski","Juan Rulfo","Gabriel Garcia Marquez","5180","17","Autoayuda","Winston Churchill","alto","alto"
"Roberto Cruz Medina","cliente605@cliente.com","0990000605","Abogado","36","Semanal","Historia","Literatura","Misterio","Terence D'Altroy","Bill Bryson","Gabriel Garcia Marquez","2180","7","Historia","Yuval Noah Harari","medio","alto"
"Oscar Sánchez Cortes","cliente606@cliente.com","0990000606","Ingeniero","44","Casi nunca","Tecnologia","Ciencia Ficcion","Autoayuda","Tom Mitchell","Javier Zarca","Stuart Russell","380","1","Tecnologia","Tom Mitchell","bajo","bajo"
"Regina Rodríguez García","cliente607@cliente.com","0990000607","Veterinario","55","Casi nunca","Literatura","Historia","Autoayuda","Franz Kafka","Terence D'Altroy","Paulo Coelho","0","0","","","bajo","bajo"
"Carlos Barría García","cliente608@cliente.com","0990000608","Abogado","63","Mensual","Historia","Literatura","Misterio","Hugh Thomas","Charles C. Mann","José Saramago","1625","6","Misterio","Paula Hawkins","medio","medio"
"Brandon Castillo Flores","cliente609@cliente.com","0990000609","Arquitecto","25","A diario","Literatura","Fantasia","Tecnologia","Jorge Luis Borges","Isabel Allende","Robin Hobb","3090","9","Fantasia","J.R.R. Tolkien","alto","alto"
"Iván Reyes Rivera","cliente610@cliente.com","0990000610","Docente","60","Casi nunca","Historia","Literatura","Autoayuda","Hugh Thomas","Bill Bryson","Jorge Luis Borges","340","1","Historia","Jack Weatherford","bajo","bajo"
"Isabel Prieto Peña","cliente611@cliente.com","0990000611","Abogado","48","Mensual","Historia","Literatura","Misterio","Charles C. Mann","Hugh Thomas","Isabel Allende","0","0","","","bajo","bajo"
"Emilia Sánchez Muñoz","cliente612@cliente.com","0990000612","Constructor","43","Casi nunca","Literatura","Historia","Autoayuda","Jorge Luis Borges","Harper Lee","Terence D'Altroy","0","0","","","bajo","bajo"
"Manuel Muñoz Medina","cliente613@cliente.com","0990000613","Estudiante","24","Varias veces por semana","Fantasia","Ciencia Ficcion","Infantil","J.R.R. Tolkien","Ray Bradbury","Maurice Sendak","4385","13","Fantasia","J.R.R. Tolkien","alto","alto"
"Jorge Rodríguez López","cliente614@cliente.com","0990000614","Estudiante","19","Semanal","Fantasia","Ciencia Ficcion","Infantil","C.S. Lewis","Aldous Huxley","George Orwell","1940","6","Ciencia Ficcion","Frank Herbert","medio","alto"
"Silvia Mendoza Moreno","cliente615@cliente.com","0990000615","Programador","23","Semanal","Tecnologia","Ciencia Ficcion","Autoayuda","Javier Zarca","Marcus Garrido","William Gibson","1370","5","Tecnologia","Marie Kondo","medio","medio"
"Adrián Romero Cortes","cliente616@cliente.com","0990000616","Estudiante","26","Semanal","Fantasia","Ciencia Ficcion","Infantil","J.R.R. Tolkien","Orson Scott Card","E.B. White","0","0","","","bajo","bajo"
"Beatriz Rangel Castillo","cliente617@cliente.com","0990000617","Psicólogo","38","Varias veces por semana","Autoayuda","Historia","Literatura","Dale Carnegie","James Clear","Malcolm Gladwell","2810","9","Historia","Charles C. Mann","alto","alto"
"Ricardo Guerrero Cárdenas","cliente618@cliente.com","0990000618","Ingeniero","52","Mensual","Tecnologia","Ciencia Ficcion","Autoayuda","Marcus Garrido","Isaac Asimov","Arthur C. Clarke","1660","5","Tecnologia","Paul Maier","medio","medio"
"Isabel Jiménez Zamora","cliente619@cliente.com","0990000619","Docente","25","Semanal","Historia","Literatura","Autoayuda","Yuval Noah Harari","Julio Cortazar","Isabel Allende","980","4","Autoayuda","Paulo Coelho","bajo","medio"
"Bárbara Pizarro González","cliente620@cliente.com","0990000620","Estudiante","18","A diario","Fantasia","Ciencia Ficcion","Infantil","C.S. Lewis","J.R.R. Tolkien","Neil Gaiman","5585","23","Ciencia Ficcion","L. Frank Baum","alto","alto"
"Silvio Guerrero Martínez","cliente621@cliente.com","0990000621","Ingeniero","38","Semanal","Tecnologia","Ciencia Ficcion","Autoayuda","Stuart Russell","Thomas Cormen","Isaac Asimov","1630","5","Autoayuda","James Clear","medio","medio"
"Gloria Chávez Muñoz","cliente622@cliente.com","0990000622","Estudiante","26","A diario","Fantasia","Ciencia Ficcion","Infantil","Terry Pratchett","J.R.R. Tolkien","Isaac Asimov","6890","24","Ciencia Ficcion","Roald Dahl","alto","alto"
"Ernesto López Bustos","cliente623@cliente.com","0990000623","Arquitecto","49","A diario","Literatura","Fantasia","Tecnologia","Jose Saramago","Juan Rulfo","Miguel de Cervantes","1620","5","Tecnologia","Robert C. Martin","medio","alto"
"Rosa Cruz Reyes","cliente624@cliente.com","0990000624","Ingeniero","53","A diario","Tecnologia","Ciencia Ficcion","Autoayuda","Javier Zarca","Marcus Garrido","Tom Mitchell","2550","9","Ciencia Ficcion","Malcolm Gladwell","medio","alto"
"Ricardo León Martínez","cliente625@cliente.com","0990000625","Docente","54","Semanal","Historia","Literatura","Autoayuda","Simon Schama","Franz Kafka","Fiodor Dostoievski","980","4","Literatura","Franz Kafka","bajo","medio"
"Patricia Herrera Torres","cliente626@cliente.com","0990000626","Diseñador","45","A diario","Literatura","Fantasia","Historia","Juan Rulfo","J.R.R. Tolkien","Terry Pratchett","6900","20","Fantasia","Patrick Rothfuss","alto","alto"
"Alejandra Molina Barría","cliente627@cliente.com","0990000627","Estudiante","21","Varias veces por semana","Fantasia","Ciencia Ficcion","Infantil","George R.R. Martin","C.S. Lewis","Stanislaw Lem","1540","5","Ciencia Ficcion","Suzanne Collins","medio","alto"
"Oscar Cruz García","cliente628@cliente.com","0990000628","Ingeniero","48","A diario","Tecnologia","Ciencia Ficcion","Autoayuda","Thomas Cormen","Douglas Adams","Napoleon Hill","4650","17","Autoayuda","Ray Bradbury","alto","alto"
"Gloria Mendoza Prieto","cliente629@cliente.com","0990000629","Estudiante","26","Semanal","Fantasia","Ciencia Ficcion","Infantil","Rick Riordan","Isaac Asimov","Lewis Carroll","0","0","","","bajo","bajo"
"Laura Morales Cruz","cliente630@cliente.com","0990000630","Estudiante","18","A diario","Fantasia","Ciencia Ficcion","Infantil","Rick Riordan","Ray Bradbury","Isaac Asimov","1860","6","Ciencia Ficcion","Frank Herbert","medio","alto"
"Silvia Contreras Pérez","cliente631@cliente.com","0990000631","Chef","37","Varias veces por semana","Historia","Literatura","Infantil","Charles C. Mann","Jack Weatherford","Fiodor Dostoievski","1340","5","Historia","Charles Dickens","medio","alto"
"Natalia Morales Barría","cliente632@cliente.com","0990000632","Enfermero","32","Varias veces por semana","Literatura","Historia","Autoayuda","Jorge Luis Borges","Yuval Noah Harari","Charles C. Mann","4060","13","Literatura","Dale Carnegie","alto","alto"
"Juan Rangel Ramírez","cliente633@cliente.com","0990000633","Estudiante","18","Varias veces por semana","Fantasia","Ciencia Ficcion","Infantil","Robin Hobb","Patrick Rothfuss","Aldous Huxley","0","0","","","bajo","medio"
"Miguel Herrera Dominguez","cliente634@cliente.com","0990000634","Contador","31","Varias veces por semana","Autoayuda","Historia","Literatura","Marie Kondo","Hugh Thomas","Bill Bryson","1160","4","Historia","Yuval Noah Harari","bajo","alto"
"Iván Montero Romero","cliente635@cliente.com","0990000635","Estudiante","19","A diario","Fantasia","Ciencia Ficcion","Infantil","J.K. Rowling","Patrick Rothfuss","Brandon Sanderson","7010","23","Fantasia","C.S. Lewis","alto","alto"
"Claudio Cárdenas Reyes","cliente636@cliente.com","0990000636","Docente","39","Varias veces por semana","Historia","Literatura","Autoayuda","Simon Schama","Bill Bryson","José Saramago","3230","11","Literatura","Gabriel Garcia Marquez","alto","alto"
"Esteban Ortiz Vidal","cliente637@cliente.com","0990000637","Médico","39","Mensual","Autoayuda","Historia","Literatura","Dale Carnegie","Napoleon Hill","Terence D'Altroy","1020","4","Literatura","Juan Rulfo","bajo","medio"
"Héctor Barría Vidal","cliente638@cliente.com","0990000638","Enfermero","22","A diario","Literatura","Historia","Autoayuda","Julio Cortazar","Isabel Allende","Terence D'Altroy","2650","10","Literatura","Gabriel Garcia Marquez","medio","alto"
"Ernesto Lara Jiménez","cliente639@cliente.com","0990000639","Diseñador","51","Mensual","Literatura","Fantasia","Tecnologia","Fiodor Dostoievski","Juan Rulfo","George R.R. Martin","460","2","Literatura","Jorge Luis Borges","bajo","bajo"
"Oscar Chávez Moreno","cliente640@cliente.com","0990000640","Docente","55","A diario","Historia","Literatura","Autoayuda","Charles C. Mann","Bill Bryson","Terence D'Altroy","6710","24","Historia","Paulo Coelho","alto","alto"
"Felipe García Díaz","cliente641@cliente.com","0990000641","Contador","55","Mensual","Autoayuda","Historia","Fantasia","Carol Dweck","Malcolm Gladwell","Terence D'Altroy","2350","6","Fantasia","J.R.R. Tolkien","medio","medio"
"Ana Morales Garay","cliente642@cliente.com","0990000642","Docente","26","Varias veces por semana","Historia","Literatura","Autoayuda","Charles Dickens","Fiodor Dostoievski","Juan Rulfo","2160","7","Historia","Hugh Thomas","medio","alto"
"Patricia Herrera Medina","cliente643@cliente.com","0990000643","Estudiante","20","A diario","Fantasia","Ciencia Ficcion","Infantil","George R.R. Martin","J.K. Rowling","Aldous Huxley","4900","15","Fantasia","Rick Riordan","alto","alto"
"Sofía Mendoza Cruz","cliente644@cliente.com","0990000644","Docente","55","Casi nunca","Historia","Literatura","Autoayuda","Yuval Noah Harari","Gabriel Garcia Marquez","Eckhart Tolle","0","0","","","bajo","bajo"
"Fernando Dominguez Morales","cliente645@cliente.com","0990000645","Constructor","40","Mensual","Literatura","Historia","Autoayuda","Jorge Luis Borges","Jose Saramago","José Saramago","760","3","Literatura","Franz Kafka","bajo","medio"
"José Barrera Castillo","cliente646@cliente.com","0990000646","Veterinario","51","Semanal","Literatura","Historia","Autoayuda","Jose Saramago","Jorge Luis Borges","Fiodor Dostoievski","1090","5","Autoayuda","Marie Kondo","bajo","medio"
"Mauricio Herrera Montero","cliente647@cliente.com","0990000647","Estudiante","26","A diario","Fantasia","Ciencia Ficcion","Infantil","Terry Pratchett","Aldous Huxley","Douglas Adams","7330","24","Fantasia","J.R.R. Tolkien","alto","alto"
"Constanza Paredes Rodríguez","cliente648@cliente.com","0990000648","Estudiante","26","A diario","Fantasia","Ciencia Ficcion","Infantil","C.S. Lewis","Robin Hobb","Patrick Rothfuss","5925","25","Ciencia Ficcion","Ray Bradbury","alto","alto"
"Luis Guerrero Castillo","cliente649@cliente.com","0990000649","Docente","32","Semanal","Historia","Literatura","Autoayuda","Jared Diamond","Charles C. Mann","José Saramago","0","0","","","bajo","bajo"
"Daniel Cabrera González","cliente650@cliente.com","0990000650","Estudiante","22","A diario","Fantasia","Ciencia Ficcion","Infantil","Rick Riordan","Brandon Sanderson","Neil Gaiman","2180","7","Ciencia Ficcion","Suzanne Collins","medio","alto"
"Oscar Rangel Morales","cliente651@cliente.com","0990000651","Docente","28","Varias veces por semana","Historia","Literatura","Autoayuda","Yuval Noah Harari","Jack Weatherford","Harper Lee","3730","13","Historia","Simon Schama","alto","alto"
"Carlos López Vásquez","cliente652@cliente.com","0990000652","Programador","32","Semanal","Tecnologia","Ciencia Ficcion","Autoayuda","Erich Gamma","Aldous Huxley","Arthur C. Clarke","2660","9","Ciencia Ficcion","Carol Dweck","medio","alto"
"Gloria Ortiz Montero","cliente653@cliente.com","0990000653","Docente","40","Semanal","Historia","Literatura","Autoayuda","Charles C. Mann","Terence D'Altroy","Gabriel Garcia Marquez","1260","3","Historia","Winston Churchill","medio","medio"
"Gloria González Rangel","cliente654@cliente.com","0990000654","Estudiante","23","Semanal","Fantasia","Ciencia Ficcion","Infantil","C.S. Lewis","Rick Riordan","Ray Bradbury","990","3","Ciencia Ficcion","Arthur C. Clarke","bajo","medio"
"Pedro Rodríguez Montero","cliente655@cliente.com","0990000655","Estudiante","25","Mensual","Fantasia","Ciencia Ficcion","Infantil","Terry Pratchett","Isaac Asimov","Orson Scott Card","880","2","Fantasia","J.R.R. Tolkien","bajo","bajo"
"César Castillo Martínez","cliente656@cliente.com","0990000656","Periodista","54","Semanal","Historia","Literatura","Misterio","Simon Schama","Hugh Thomas","Fiodor Dostoievski","2780","9","Historia","Jack Weatherford","medio","alto"
"Silvia Díaz Soto","cliente657@cliente.com","0990000657","Ingeniero","38","Varias veces por semana","Tecnologia","Ciencia Ficcion","Autoayuda","Andrew Hunt","Javier Zarca","George Orwell","1180","4","Ciencia Ficcion","Isaac Asimov","medio","alto"
"Mario Contreras Ponce","cliente658@cliente.com","0990000658","Constructor","32","Semanal","Literatura","Historia","Autoayuda","Franz Kafka","Julio Cortazar","Charles C. Mann","2530","8","Historia","Julio Cortazar","medio","alto"
"Patricia Herrera Jara","cliente659@cliente.com","0990000659","Ingeniero","39","Varias veces por semana","Tecnologia","Ciencia Ficcion","Autoayuda","Marcus Garrido","Arthur C. Clarke","George Orwell","3420","12","Autoayuda","Carol Dweck","alto","alto"
"Isabel Rangel Pizarro","cliente660@cliente.com","0990000660","Abogado","32","Mensual","Historia","Literatura","Misterio","Jared Diamond","Terence D'Altroy","Hugh Thomas","760","2","Historia","Yuval Noah Harari","bajo","bajo"
"Valeria Bustos Romero","cliente661@cliente.com","0990000661","Contador","30","Mensual","Autoayuda","Historia","Literatura","Malcolm Gladwell","Bill Bryson","Yuval Noah Harari","1560","6","Literatura","Isabel Allende","medio","medio"
"Sergio Vega Salazar","cliente662@cliente.com","0990000662","Electricista","22","Varias veces por semana","Literatura","Historia","Autoayuda","Juan Rulfo","Yuval Noah Harari","Terence D'Altroy","4430","15","Historia","Jack Weatherford","alto","alto"
"Víctor Montero Reyes","cliente663@cliente.com","0990000663","Estudiante","25","A diario","Fantasia","Ciencia Ficcion","Infantil","George R.R. Martin","William Gibson","Stanislaw Lem","3870","13","Fantasia","Antoine de Saint-Exupery","alto","alto"
"Ronald Jara Torres","cliente664@cliente.com","0990000664","Programador","52","Semanal","Tecnologia","Ciencia Ficcion","Autoayuda","Andrew Hunt","Tom Mitchell","Frank Herbert","2380","8","Autoayuda","Stephen Covey","medio","alto"
"Paola Barrera González","cliente665@cliente.com","0990000665","Médico","48","Casi nunca","Autoayuda","Historia","Literatura","James Clear","Carol Dweck","Charles C. Mann","400","1","Historia","Jared Diamond","bajo","bajo"
"Ramón Iglesias Carrasco","cliente666@cliente.com","0990000666","Estudiante","19","A diario","Fantasia","Ciencia Ficcion","Infantil","Patrick Rothfuss","J.R.R. Tolkien","Brandon Sanderson","1850","5","Ciencia Ficcion","Suzanne Collins","medio","alto"
"Fernanda Moreno Lara","cliente667@cliente.com","0990000667","Estudiante","22","Mensual","Fantasia","Ciencia Ficcion","Infantil","C.S. Lewis","Aldous Huxley","Orson Scott Card","440","1","Fantasia","J.R.R. Tolkien","bajo","bajo"
"Graciela Gómez Vargas","cliente668@cliente.com","0990000668","Comerciante","32","Semanal","Literatura","Historia","Autoayuda","Miguel de Cervantes","Juan Rulfo","Hugh Thomas","3360","13","Literatura","William Faulkner","alto","alto"
"Kevin Montero López","cliente669@cliente.com","0990000669","Docente","35","Semanal","Historia","Literatura","Autoayuda","Yuval Noah Harari","Simon Schama","Charles Dickens","1300","5","Literatura","Jose Saramago","medio","medio"
"Florencia Espinoza Jiménez","cliente670@cliente.com","0990000670","Médico","44","Mensual","Autoayuda","Historia","Literatura","Dale Carnegie","Bill Bryson","Juan Rulfo","0","0","","","bajo","bajo"
"Patricio López Vargas","cliente671@cliente.com","0990000671","Electricista","54","Semanal","Literatura","Historia","Autoayuda","Gabriel Garcia Marquez","Hugh Thomas","Charles Dickens","0","0","","","bajo","bajo"
"Paola Medina Martínez","cliente672@cliente.com","0990000672","Enfermero","49","Mensual","Literatura","Historia","Autoayuda","Gabriel Garcia Marquez","Jorge Luis Borges","Fiodor Dostoievski","0","0","","","bajo","bajo"
"José Ponce Molina","cliente673@cliente.com","0990000673","Ingeniero","27","Semanal","Tecnologia","Ciencia Ficcion","Autoayuda","Javier Zarca","Susan Cruz","Aldous Huxley","960","3","Tecnologia","Javier Zarca","bajo","medio"
"Constanza Gómez Ramírez","cliente674@cliente.com","0990000674","Estudiante","18","A diario","Fantasia","Ciencia Ficcion","Infantil","Terry Pratchett","Rick Riordan","Douglas Adams","10375","36","Infantil","J.R.R. Tolkien","alto","alto"
"Daniela Vargas Reyes","cliente675@cliente.com","0990000675","Estudiante","18","A diario","Fantasia","Ciencia Ficcion","Infantil","Rick Riordan","Patrick Rothfuss","William Gibson","3175","12","Infantil","Rick Riordan","alto","alto"
"Fernando Medina Morales","cliente676@cliente.com","0990000676","Periodista","47","Mensual","Historia","Literatura","Misterio","Simon Schama","Jared Diamond","Bill Bryson","960","4","Misterio","Agatha Christie","bajo","medio"
"Mónica Flores Ávila","cliente677@cliente.com","0990000677","Estudiante","26","Varias veces por semana","Fantasia","Ciencia Ficcion","Infantil","C.S. Lewis","Arthur C. Clarke","Dr. Seuss","3900","12","Fantasia","Rick Riordan","alto","alto"
"Roberta Herrera Torres","cliente678@cliente.com","0990000678","Ingeniero","42","Casi nunca","Tecnologia","Ciencia Ficcion","Autoayuda","Tom Mitchell","Aldous Huxley","Stanislaw Lem","620","2","Tecnologia","Susan Cruz","bajo","bajo"
"Sofía Barrera Sánchez","cliente679@cliente.com","0990000679","Abogado","51","Semanal","Historia","Literatura","Misterio","Terence D'Altroy","Franz Kafka","Juan Rulfo","670","3","Literatura","Franz Kafka","bajo","medio"
"Valentina Ávila Pizarro","cliente680@cliente.com","0990000680","Médico","28","Varias veces por semana","Autoayuda","Historia","Literatura","Dale Carnegie","Paulo Coelho","Hugh Thomas","1670","7","Literatura","Jorge Luis Borges","medio","alto"
"Claudio Iglesias Herrera","cliente681@cliente.com","0990000681","Estudiante","20","Semanal","Fantasia","Ciencia Ficcion","Infantil","Neil Gaiman","Rick Riordan","Terry Pratchett","2780","11","Infantil","Aldous Huxley","medio","alto"
"Gonzalo Vargas Torres","cliente682@cliente.com","0990000682","Periodista","55","A diario","Historia","Literatura","Misterio","Terence D'Altroy","Simon Schama","Julio Cortazar","7310","24","Historia","Yuval Noah Harari","alto","alto"
"Roberto Mendoza Ibarra","cliente683@cliente.com","0990000683","Programador","33","A diario","Tecnologia","Ciencia Ficcion","Autoayuda","Marcus Garrido","Susan Cruz","Andrew Hunt","7220","25","Ciencia Ficcion","William Gibson","alto","alto"
"Arturo Flores Barría","cliente684@cliente.com","0990000684","Electricista","58","Semanal","Literatura","Historia","Autoayuda","Harper Lee","Gabriel Garcia Marquez","Miguel de Cervantes","1020","3","Historia","Isabel Allende","bajo","medio"
"Ricardo Pizarro Mendoza","cliente685@cliente.com","0990000685","Comerciante","42","Mensual","Literatura","Historia","Autoayuda","Jorge Luis Borges","Charles C. Mann","Napoleon Hill","750","3","Autoayuda","Malcolm Gladwell","bajo","medio"
"Augusto Bustos Cruz","cliente686@cliente.com","0990000686","Estudiante","25","A diario","Fantasia","Ciencia Ficcion","Infantil","Patrick Rothfuss","J.K. Rowling","Aldous Huxley","3990","15","Ciencia Ficcion","Rick Riordan","alto","alto"
"Silvio Figueroa Castillo","cliente687@cliente.com","0990000687","Estudiante","20","A diario","Fantasia","Ciencia Ficcion","Infantil","Terry Pratchett","Neil Gaiman","Isaac Asimov","5265","20","Infantil","Isaac Asimov","alto","alto"
"Camila Bustos García","cliente688@cliente.com","0990000688","Ingeniero","40","Casi nunca","Tecnologia","Ciencia Ficcion","Autoayuda","Marcus Garrido","Paul Maier","Stanislaw Lem","1140","3","Tecnologia","Tom Mitchell","bajo","bajo"
"Patricia Lara Dominguez","cliente689@cliente.com","0990000689","Mecánico","32","Mensual","Literatura","Historia","Autoayuda","Jose Saramago","Charles Dickens","Simon Schama","350","1","Historia","Charles C. Mann","bajo","bajo"
"Fausto Torres Jara","cliente690@cliente.com","0990000690","Electricista","33","Semanal","Literatura","Historia","Autoayuda","Jorge Luis Borges","José Saramago","Stephen Covey","290","1","Literatura","Jose Saramago","bajo","medio"
"Manuel Romero Silva","cliente691@cliente.com","0990000691","Estudiante","18","Varias veces por semana","Fantasia","Ciencia Ficcion","Infantil","Terry Pratchett","Rick Riordan","Isaac Asimov","520","2","Ciencia Ficcion","Stanislaw Lem","bajo","medio"
"Gloria Prieto Peña","cliente692@cliente.com","0990000692","Médico","53","Semanal","Autoayuda","Historia","Literatura","Eckhart Tolle","Charles C. Mann","Jack Weatherford","2240","8","Historia","Charles C. Mann","medio","alto"
"Roberta Barrera Bustos","cliente693@cliente.com","0990000693","Médico","56","A diario","Autoayuda","Historia","Literatura","Carol Dweck","Jared Diamond","Simon Schama","1960","6","Historia","Hugh Thomas","medio","alto"
"Alejandra Bustos Torres","cliente694@cliente.com","0990000694","Estudiante","22","Varias veces por semana","Fantasia","Ciencia Ficcion","Infantil","Neil Gaiman","Orson Scott Card","Frank Herbert","4950","12","Fantasia","J.R.R. Tolkien","alto","alto"
"Carlos Díaz Guerrero","cliente695@cliente.com","0990000695","Ingeniero","37","Semanal","Tecnologia","Ciencia Ficcion","Autoayuda","Thomas Cormen","Arthur C. Clarke","George Orwell","980","4","Autoayuda","Napoleon Hill","bajo","medio"
"Diego Soto Cortes","cliente696@cliente.com","0990000696","Contador","25","Mensual","Autoayuda","Historia","Ciencia Ficcion","Napoleon Hill","James Clear","Marie Kondo","1220","4","Ciencia Ficcion","Isaac Asimov","medio","medio"
"Luis López Ramírez","cliente697@cliente.com","0990000697","Ingeniero","47","Casi nunca","Tecnologia","Ciencia Ficcion","Autoayuda","Stuart Russell","Paul Maier","Robert C. Martin","900","3","Ciencia Ficcion","Isaac Asimov","bajo","bajo"
"Roberta Montero Peralta","cliente698@cliente.com","0990000698","Abogado","55","Semanal","Historia","Literatura","Misterio","José Saramago","Yuval Noah Harari","Isabel Allende","1180","5","Literatura","Harper Lee","medio","medio"
"Brandon Contreras Reyes","cliente699@cliente.com","0990000699","Psicólogo","30","Semanal","Autoayuda","Historia","Literatura","Viktor Frankl","Carol Dweck","Dale Carnegie","0","0","","","bajo","bajo"
"Miguel Vidal Sánchez","cliente700@cliente.com","0990000700","Ingeniero","40","Semanal","Tecnologia","Ciencia Ficcion","Autoayuda","Paul Maier","Arthur C. Clarke","Stanislaw Lem","2110","7","Ciencia Ficcion","Isaac Asimov","medio","alto"
"Alejandra Zamora Iglesias","cliente701@cliente.com","0990000701","Enfermero","56","Semanal","Literatura","Historia","Autoayuda","Isabel Allende","Simon Schama","José Saramago","340","1","Historia","Jack Weatherford","bajo","medio"
"Ana Montero Sánchez","cliente702@cliente.com","0990000702","Ingeniero","43","Mensual","Tecnologia","Ciencia Ficcion","Autoayuda","Robert C. Martin","Thomas Cormen","William Gibson","950","4","Autoayuda","Paulo Coelho","bajo","medio"
"Elena Rivera López","cliente703@cliente.com","0990000703","Psicólogo","22","Mensual","Autoayuda","Historia","Literatura","Marie Kondo","Napoleon Hill","Charles C. Mann","230","1","Literatura","Jorge Luis Borges","bajo","bajo"
"Santiago Díaz Ortiz","cliente704@cliente.com","0990000704","Estudiante","21","Varias veces por semana","Fantasia","Ciencia Ficcion","Infantil","Patrick Rothfuss","J.K. Rowling","Rick Riordan","2720","8","Ciencia Ficcion","William Gibson","medio","alto"
"Beatriz Dominguez Martínez","cliente705@cliente.com","0990000705","Ingeniero","46","A diario","Tecnologia","Ciencia Ficcion","Autoayuda","Erich Gamma","Paul Maier","Arthur C. Clarke","6780","25","Ciencia Ficcion","Stanislaw Lem","alto","alto"
"Carlos Medina Silva","cliente706@cliente.com","0990000706","Periodista","58","Casi nunca","Historia","Literatura","Misterio","Charles Dickens","Harper Lee","Patricia Cornwell","810","3","Misterio","Paula Hawkins","bajo","bajo"
"Carmen Paredes Rivera","cliente707@cliente.com","0990000707","Contador","30","Mensual","Autoayuda","Historia","Infantil","Marie Kondo","Hugh Thomas","Johanna Spyri","1935","7","Autoayuda","Stephen Covey","medio","medio"
"Carlos Garay Reyes","cliente708@cliente.com","0990000708","Arquitecto","47","Semanal","Literatura","Fantasia","Misterio","Juan Rulfo","Jose Saramago","Gabriel Garcia Marquez","2310","9","Literatura","Juan Rulfo","medio","alto"
"Graciela Jara Ponce","cliente709@cliente.com","0990000709","Estudiante","19","A diario","Fantasia","Ciencia Ficcion","Infantil","Rick Riordan","Patrick Rothfuss","J.K. Rowling","3220","10","Fantasia","Roald Dahl","alto","alto"
"Ricardo Cabrera Rangel","cliente710@cliente.com","0990000710","Arquitecto","33","Varias veces por semana","Literatura","Fantasia","Tecnologia","Jose Saramago","Miguel de Cervantes","Brandon Sanderson","2800","8","Fantasia","Javier Zarca","medio","alto"
"Lorena Barrera López","cliente711@cliente.com","0990000711","Estudiante","20","Semanal","Fantasia","Ciencia Ficcion","Infantil","Neil Gaiman","C.S. Lewis","George R.R. Martin","0","0","","","bajo","bajo"
"Isabel Ramírez Ortiz","cliente712@cliente.com","0990000712","Ingeniero","31","A diario","Tecnologia","Ciencia Ficcion","Autoayuda","Susan Cruz","Marcus Garrido","Stanislaw Lem","4160","13","Ciencia Ficcion","William Gibson","alto","alto"
"Lorena Guerrero Ortiz","cliente713@cliente.com","0990000713","Diseñador","39","Semanal","Literatura","Fantasia","Tecnologia","Miguel de Cervantes","C.S. Lewis","George R.R. Martin","260","1","Literatura","Harper Lee","bajo","medio"
"Lucía Figueroa Lara","cliente714@cliente.com","0990000714","Estudiante","24","A diario","Fantasia","Ciencia Ficcion","Infantil","Robin Hobb","J.K. Rowling","C.S. Lewis","5350","19","Ciencia Ficcion","Aldous Huxley","alto","alto"
"Tomás Morales Pérez","cliente715@cliente.com","0990000715","Programador","39","A diario","Tecnologia","Ciencia Ficcion","Autoayuda","Paul Maier","Douglas Adams","Carol Dweck","6410","21","Tecnologia","Tom Mitchell","alto","alto"
"Isabel Vidal Prieto","cliente716@cliente.com","0990000716","Estudiante","20","Varias veces por semana","Fantasia","Ciencia Ficcion","Infantil","Rick Riordan","Isaac Asimov","Ray Bradbury","6740","20","Fantasia","J.R.R. Tolkien","alto","alto"
"Manuel Montero Torres","cliente717@cliente.com","0990000717","Enfermero","45","Casi nunca","Literatura","Historia","Autoayuda","Gabriel Garcia Marquez","Juan Rulfo","Fiodor Dostoievski","0","0","","","bajo","bajo"
"Augusto Martínez Fuentes","cliente718@cliente.com","0990000718","Médico","57","Mensual","Autoayuda","Historia","Literatura","Malcolm Gladwell","James Clear","Stephen Covey","0","0","","","bajo","bajo"
"Kevin Martínez Martínez","cliente719@cliente.com","0990000719","Estudiante","24","Varias veces por semana","Fantasia","Ciencia Ficcion","Infantil","Rick Riordan","George Orwell","Douglas Adams","1980","6","Ciencia Ficcion","Isaac Asimov","medio","alto"
"Rodrigo López Molina","cliente720@cliente.com","0990000720","Estudiante","19","Varias veces por semana","Fantasia","Ciencia Ficcion","Infantil","George R.R. Martin","Rick Riordan","George Orwell","790","2","Fantasia","J.R.R. Tolkien","bajo","medio"
"Lorena Núñez Ortiz","cliente721@cliente.com","0990000721","Abogado","29","A diario","Historia","Literatura","Misterio","Simon Schama","Fiodor Dostoievski","Carlos Ruiz Zafon","4790","16","Historia","Jack Weatherford","alto","alto"
"Beatriz Salazar González","cliente722@cliente.com","0990000722","Estudiante","25","Varias veces por semana","Fantasia","Ciencia Ficcion","Infantil","Neil Gaiman","Patrick Rothfuss","Ray Bradbury","3350","13","Infantil","Roald Dahl","alto","alto"
"Camila Vidal López","cliente723@cliente.com","0990000723","Médico","54","A diario","Autoayuda","Historia","Literatura","Viktor Frankl","Carol Dweck","Simon Schama","3600","14","Autoayuda","Paulo Coelho","alto","alto"
"Emilia Cruz Flores","cliente724@cliente.com","0990000724","Abogado","56","Semanal","Historia","Literatura","Misterio","Charles Dickens","Julio Cortazar","Thomas Harris","1420","5","Literatura","Simon Schama","medio","medio"
"Ana Moreno Cabrera","cliente725@cliente.com","0990000725","Arquitecto","45","A diario","Literatura","Fantasia","Ciencia Ficcion","Isabel Allende","Brandon Sanderson","Douglas Adams","6440","16","Fantasia","J.R.R. Tolkien","alto","alto"
"Verónica González Castillo","cliente726@cliente.com","0990000726","Psicólogo","22","A diario","Autoayuda","Historia","Literatura","Viktor Frankl","José Saramago","Gabriel Garcia Marquez","3630","13","Autoayuda","Jose Saramago","alto","alto"
"Silvio Garay Iglesias","cliente727@cliente.com","0990000727","Estudiante","23","Varias veces por semana","Fantasia","Ciencia Ficcion","Infantil","Neil Gaiman","Robin Hobb","Douglas Adams","1740","5","Fantasia","Rick Riordan","medio","alto"
"Mario Peña Rodríguez","cliente728@cliente.com","0990000728","Docente","39","Varias veces por semana","Historia","Literatura","Autoayuda","Jack Weatherford","Harper Lee","Miguel de Cervantes","1860","7","Literatura","William Faulkner","medio","alto"
"Lucas Díaz Castillo","cliente729@cliente.com","0990000729","Abogado","58","A diario","Historia","Literatura","Misterio","Bill Bryson","Jack Weatherford","Yuval Noah Harari","9255","32","Misterio","Paula Hawkins","alto","alto"
"Elena Cruz Dominguez","cliente730@cliente.com","0990000730","Médico","33","Varias veces por semana","Autoayuda","Historia","Literatura","James Clear","Viktor Frankl","Eckhart Tolle","4010","15","Literatura","Miguel de Cervantes","alto","alto"
"Gloria Vargas Morales","cliente731@cliente.com","0990000731","Ingeniero","35","Mensual","Tecnologia","Ciencia Ficcion","Autoayuda","Paul Maier","Erich Gamma","Stuart Russell","780","2","Ciencia Ficcion","Frank Herbert","bajo","bajo"
"Patricia Gómez Chávez","cliente732@cliente.com","0990000732","Médico","43","Mensual","Autoayuda","Historia","Literatura","Dale Carnegie","Terence D'Altroy","Fiodor Dostoievski","1070","4","Literatura","Harper Lee","bajo","medio"
"Patricia Martínez Medina","cliente733@cliente.com","0990000733","Arquitecto","26","Mensual","Literatura","Fantasia","Misterio","Franz Kafka","Jorge Luis Borges","J.K. Rowling","0","0","","","bajo","bajo"
"Fernando Jiménez Molina","cliente734@cliente.com","0990000734","Estudiante","19","Varias veces por semana","Fantasia","Ciencia Ficcion","Infantil","Brandon Sanderson","C.S. Lewis","Robin Hobb","1890","6","Infantil","Maurice Sendak","medio","alto"
"Lucía Flores Sánchez","cliente735@cliente.com","0990000735","Ingeniero","31","Varias veces por semana","Tecnologia","Ciencia Ficcion","Autoayuda","Stuart Russell","Paul Maier","Aldous Huxley","3750","13","Autoayuda","Arthur C. Clarke","alto","alto"
"Oscar Torres Mendoza","cliente736@cliente.com","0990000736","Estudiante","25","A diario","Fantasia","Ciencia Ficcion","Infantil","Rick Riordan","George Orwell","Orson Scott Card","2450","9","Ciencia Ficcion","Neil Gaiman","medio","alto"
"Fernanda Rodríguez Ramírez","cliente737@cliente.com","0990000737","Médico","29","A diario","Autoayuda","Historia","Literatura","Carol Dweck","James Clear","Jack Weatherford","2150","8","Autoayuda","Jorge Luis Borges","medio","alto"
"Silvio Rivera Muñoz","cliente738@cliente.com","0990000738","Estudiante","20","A diario","Fantasia","Ciencia Ficcion","Infantil","C.S. Lewis","J.R.R. Tolkien","Brandon Sanderson","5115","20","Infantil","Ray Bradbury","alto","alto"
"Beatriz Vidal Carrasco","cliente739@cliente.com","0990000739","Comerciante","39","Semanal","Literatura","Historia","Autoayuda","Jose Saramago","Jared Diamond","Simon Schama","1290","6","Literatura","Franz Kafka","medio","alto"
"Emilia Ramírez López","cliente740@cliente.com","0990000740","Abogado","47","Mensual","Historia","Literatura","Misterio","Yuval Noah Harari","Juan Rulfo","Gabriel Garcia Marquez","310","1","Historia","Terence N. D'Altroy","bajo","bajo"
"José Jara Zamora","cliente741@cliente.com","0990000741","Médico","62","Casi nunca","Autoayuda","Historia","Literatura","Napoleon Hill","Stephen Covey","Jack Weatherford","0","0","","","bajo","bajo"
"Kevin Muñoz Ortiz","cliente742@cliente.com","0990000742","Estudiante","23","Varias veces por semana","Fantasia","Ciencia Ficcion","Infantil","Robin Hobb","Rick Riordan","William Gibson","3390","12","Ciencia Ficcion","Isaac Asimov","alto","alto"
"Camila Díaz Martínez","cliente743@cliente.com","0990000743","Ingeniero","26","Varias veces por semana","Tecnologia","Ciencia Ficcion","Autoayuda","Paul Maier","Andrew Hunt","Stanislaw Lem","2880","10","Ciencia Ficcion","Stephen Covey","alto","alto"
"Carmen García Medina","cliente744@cliente.com","0990000744","Comerciante","37","Varias veces por semana","Literatura","Historia","Autoayuda","Julio Cortazar","Terence D'Altroy","Stephen Covey","4770","19","Literatura","Jose Saramago","alto","alto"
"Vicente Fuentes Bustos","cliente745@cliente.com","0990000745","Docente","59","Casi nunca","Historia","Literatura","Autoayuda","Jack Weatherford","Bill Bryson","Charles C. Mann","0","0","","","bajo","bajo"
"Alejandra Castillo Soto","cliente746@cliente.com","0990000746","Electricista","24","Semanal","Literatura","Historia","Autoayuda","Isabel Allende","Jared Diamond","Marie Kondo","0","0","","","bajo","bajo"
"Martina Vidal Salazar","cliente747@cliente.com","0990000747","Abogado","46","Casi nunca","Historia","Literatura","Misterio","Terence D'Altroy","Simon Schama","Yuval Noah Harari","300","1","Literatura","Julio Cortazar","bajo","bajo"
"Patricio López Díaz","cliente748@cliente.com","0990000748","Arquitecto","28","Varias veces por semana","Literatura","Fantasia","Autoayuda","Juan Rulfo","Harper Lee","C.S. Lewis","1710","7","Autoayuda","Napoleon Hill","medio","alto"
"Patricia Muñoz Soto","cliente749@cliente.com","0990000749","Estudiante","20","Varias veces por semana","Fantasia","Ciencia Ficcion","Infantil","Neil Gaiman","Douglas Adams","Isaac Asimov","2020","7","Fantasia","Brandon Sanderson","medio","alto"
"Jorge Guerrero Muñoz","cliente750@cliente.com","0990000750","Estudiante","19","A diario","Fantasia","Ciencia Ficcion","Infantil","Neil Gaiman","Terry Pratchett","Patrick Rothfuss","5750","19","Ciencia Ficcion","Stanislaw Lem","alto","alto"
"Arturo Medina Garay","cliente751@cliente.com","0990000751","Estudiante","25","Mensual","Fantasia","Ciencia Ficcion","Infantil","Terry Pratchett","C.S. Lewis","George Orwell","1810","6","Infantil","J.R.R. Tolkien","medio","medio"
"Patricio Muñoz Silva","cliente752@cliente.com","0990000752","Estudiante","26","Varias veces por semana","Fantasia","Ciencia Ficcion","Infantil","Neil Gaiman","Patrick Rothfuss","Ray Bradbury","3675","16","Infantil","Maurice Sendak","alto","alto"
"Diego Rodríguez Medina","cliente753@cliente.com","0990000753","Estudiante","22","A diario","Fantasia","Ciencia Ficcion","Infantil","Brandon Sanderson","Arthur C. Clarke","Stanislaw Lem","3180","10","Ciencia Ficcion","Suzanne Collins","alto","alto"
"Lucía Espinoza Torres","cliente754@cliente.com","0990000754","Veterinario","26","Varias veces por semana","Literatura","Historia","Autoayuda","Harper Lee","Simon Schama","José Saramago","1180","5","Autoayuda","Paulo Coelho","medio","alto"
"Renata García Montero","cliente755@cliente.com","0990000755","Docente","31","Varias veces por semana","Historia","Literatura","Autoayuda","Yuval Noah Harari","Jared Diamond","Simon Schama","1760","6","Autoayuda","Napoleon Hill","medio","alto"
"Paola Vargas Chávez","cliente756@cliente.com","0990000756","Abogado","44","Mensual","Historia","Literatura","Misterio","Hugh Thomas","Terence D'Altroy","Jose Saramago","540","2","Historia","Charles C. Mann","bajo","bajo"
"Valeria Moreno Cortes","cliente757@cliente.com","0990000757","Estudiante","24","Varias veces por semana","Fantasia","Ciencia Ficcion","Infantil","Patrick Rothfuss","C.S. Lewis","Arthur C. Clarke","180","1","Infantil","Mark Twain","bajo","medio"
"Gloria Ponce Contreras","cliente758@cliente.com","0990000758","Médico","39","A diario","Autoayuda","Historia","Literatura","Stephen Covey","Carol Dweck","Jack Weatherford","1910","7","Autoayuda","Terence N. D'Altroy","medio","alto"
"Alejandra Díaz Guerrero","cliente759@cliente.com","0990000759","Abogado","38","Mensual","Historia","Literatura","Misterio","Jared Diamond","Juan Rulfo","Raymond Chandler","280","1","Literatura","Miguel de Cervantes","bajo","bajo"
"Florencia Martínez Vega","cliente760@cliente.com","0990000760","Docente","28","Varias veces por semana","Historia","Literatura","Autoayuda","Jack Weatherford","Franz Kafka","Paulo Coelho","1370","5","Literatura","Fiodor Dostoievski","medio","alto"
"Paola Bustos Flores","cliente761@cliente.com","0990000761","Ingeniero","41","Casi nunca","Tecnologia","Ciencia Ficcion","Autoayuda","Robert C. Martin","Stuart Russell","Erich Gamma","0","0","","","bajo","bajo"
"Nicolás Peña Guerrero","cliente762@cliente.com","0990000762","Periodista","25","Semanal","Historia","Literatura","Misterio","Jack Weatherford","Charles Dickens","Julio Cortazar","2040","7","Literatura","Juan Rulfo","medio","alto"
"Héctor Morales García","cliente763@cliente.com","0990000763","Periodista","53","Mensual","Historia","Literatura","Misterio","José Saramago","Hugh Thomas","Jared Diamond","1100","4","Literatura","Fiodor Dostoievski","bajo","medio"
"Valeria Vargas Cruz","cliente764@cliente.com","0990000764","Docente","49","Semanal","Historia","Literatura","Autoayuda","Jack Weatherford","Isabel Allende","James Clear","2470","8","Autoayuda","Stephen Covey","medio","alto"
"Gloria Sánchez García","cliente765@cliente.com","0990000765","Estudiante","22","Semanal","Fantasia","Ciencia Ficcion","Infantil","Terry Pratchett","Patrick Rothfuss","Robin Hobb","0","0","","","bajo","bajo"
"Diego Chávez Martínez","cliente766@cliente.com","0990000766","Docente","58","Semanal","Historia","Literatura","Autoayuda","Jack Weatherford","Bill Bryson","Charles Dickens","230","1","Literatura","Jorge Luis Borges","bajo","medio"
"Luis Guerrero Barría","cliente767@cliente.com","0990000767","Estudiante","19","A diario","Fantasia","Ciencia Ficcion","Infantil","Terry Pratchett","Rick Riordan","Frank Herbert","6770","22","Ciencia Ficcion","Isaac Asimov","alto","alto"
"Víctor Figueroa Bravo","cliente768@cliente.com","0990000768","Estudiante","20","A diario","Fantasia","Ciencia Ficcion","Infantil","C.S. Lewis","Isaac Asimov","Frank Herbert","2880","9","Fantasia","George Orwell","alto","alto"
"Carmen Rangel Díaz","cliente769@cliente.com","0990000769","Contador","51","Semanal","Autoayuda","Historia","Misterio","Stephen Covey","Terence D'Altroy","Dan Brown","0","0","","","bajo","bajo"
"Tomás Ortiz Cabrera","cliente770@cliente.com","0990000770","Docente","30","Mensual","Historia","Literatura","Autoayuda","Simon Schama","Yuval Noah Harari","Bill Bryson","0","0","","","bajo","bajo"
"Ana Pérez Cruz","cliente771@cliente.com","0990000771","Docente","25","Varias veces por semana","Historia","Literatura","Autoayuda","Hugh Thomas","José Saramago","Gabriel Garcia Marquez","2040","8","Literatura","Fiodor Dostoievski","medio","alto"
"Beatriz Pérez Espinoza","cliente772@cliente.com","0990000772","Periodista","51","Mensual","Historia","Literatura","Misterio","Terence D'Altroy","Franz Kafka","Julio Cortazar","1600","5","Misterio","Carlos Ruiz Zafon","medio","medio"
"Ricardo Cabrera Peña","cliente773@cliente.com","0990000773","Docente","28","Varias veces por semana","Historia","Literatura","Autoayuda","José Saramago","Yuval Noah Harari","Jared Diamond","3430","12","Literatura","William Faulkner","alto","alto"
"Bárbara Rodríguez Sánchez","cliente774@cliente.com","0990000774","Enfermero","37","Varias veces por semana","Literatura","Historia","Autoayuda","Julio Cortazar","Juan Rulfo","Jorge Luis Borges","3740","13","Autoayuda","Stephen Covey","alto","alto"
"Ronald Cabrera Ramírez","cliente775@cliente.com","0990000775","Estudiante","26","Varias veces por semana","Fantasia","Ciencia Ficcion","Infantil","Neil Gaiman","J.K. Rowling","Stanislaw Lem","4090","15","Infantil","Maurice Sendak","alto","alto"
"Gloria López Ponce","cliente776@cliente.com","0990000776","Estudiante","19","A diario","Fantasia","Ciencia Ficcion","Infantil","Neil Gaiman","William Gibson","George Orwell","5830","20","Ciencia Ficcion","William Gibson","alto","alto"
"Roberto Medina Ortiz","cliente777@cliente.com","0990000777","Docente","41","Semanal","Historia","Literatura","Autoayuda","Simon Schama","Jose Saramago","Jorge Luis Borges","0","0","","","bajo","bajo"
"Tomás Salazar Rodríguez","cliente778@cliente.com","0990000778","Periodista","55","Mensual","Historia","Literatura","Misterio","Jared Diamond","Bill Bryson","Simon Schama","600","2","Historia","Jack Weatherford","bajo","bajo"
"Roberto Torres Ponce","cliente779@cliente.com","0990000779","Ingeniero","50","A diario","Tecnologia","Ciencia Ficcion","Autoayuda","Thomas Cormen","Ray Bradbury","Paulo Coelho","6000","23","Autoayuda","Marie Kondo","alto","alto"
"Alejandro Rodríguez Herrera","cliente780@cliente.com","0990000780","Estudiante","23","Varias veces por semana","Fantasia","Ciencia Ficcion","Infantil","Robin Hobb","J.K. Rowling","Orson Scott Card","2520","9","Ciencia Ficcion","Douglas Adams","medio","alto"
"Graciela García Silva","cliente781@cliente.com","0990000781","Diseñador","30","Mensual","Literatura","Fantasia","Autoayuda","Gabriel Garcia Marquez","Jorge Luis Borges","Patrick Rothfuss","1370","5","Autoayuda","Dale Carnegie","medio","medio"
"Brandon Navarrete Montero","cliente782@cliente.com","0990000782","Abogado","51","Casi nunca","Historia","Literatura","Misterio","Bill Bryson","Yuval Noah Harari","Gabriel Garcia Marquez","190","1","Literatura","Franz Kafka","bajo","bajo"
"Miguel Ibarra Carrasco","cliente783@cliente.com","0990000783","Veterinario","59","Mensual","Literatura","Historia","Autoayuda","Julio Cortazar","Franz Kafka","Jared Diamond","840","3","Literatura","Miguel de Cervantes","bajo","medio"
"Axel Guerrero Ramírez","cliente784@cliente.com","0990000784","Contador","25","Varias veces por semana","Autoayuda","Historia","Literatura","Malcolm Gladwell","Jared Diamond","Gabriel Garcia Marquez","2810","8","Historia","Charles C. Mann","alto","alto"
"Luis Morales León","cliente785@cliente.com","0990000785","Programador","47","Mensual","Tecnologia","Ciencia Ficcion","Autoayuda","Stuart Russell","Erich Gamma","Frank Herbert","210","1","Autoayuda","Paulo Coelho","bajo","bajo"
"Ernesto Vega Medina","cliente786@cliente.com","0990000786","Ingeniero","34","Semanal","Tecnologia","Ciencia Ficcion","Autoayuda","Robert C. Martin","Marcus Garrido","Ray Bradbury","1200","4","Ciencia Ficcion","William Gibson","medio","medio"
"Manuel Rangel Ortiz","cliente787@cliente.com","0990000787","Chef","55","Mensual","Historia","Literatura","Infantil","Charles Dickens","Yuval Noah Harari","Fiodor Dostoievski","720","4","Infantil","Mark Twain","bajo","medio"
"Rosa Flores Muñoz","cliente788@cliente.com","0990000788","Chef","55","Semanal","Historia","Literatura","Fantasia","Yuval Noah Harari","Bill Bryson","Isabel Allende","2830","7","Fantasia","J.R.R. Tolkien","alto","alto"
"Carlos López Castillo","cliente789@cliente.com","0990000789","Arquitecto","25","Semanal","Literatura","Fantasia","Infantil","Miguel de Cervantes","Juan Rulfo","Patrick Rothfuss","690","4","Infantil","Mark Twain","bajo","medio"
"Lorena Martínez Torres","cliente790@cliente.com","0990000790","Programador","44","Mensual","Tecnologia","Ciencia Ficcion","Autoayuda","Marcus Garrido","Javier Zarca","Stanislaw Lem","0","0","","","bajo","bajo"
"Rosa Chávez Martínez","cliente791@cliente.com","0990000791","Docente","60","Mensual","Historia","Literatura","Autoayuda","Charles Dickens","Juan Rulfo","Paulo Coelho","2500","9","Literatura","Isabel Allende","medio","medio"
"Vicente Jiménez Pérez","cliente792@cliente.com","0990000792","Electricista","46","Casi nunca","Literatura","Historia","Autoayuda","Fiodor Dostoievski","Jared Diamond","José Saramago","0","0","","","bajo","bajo"
"Renata Peña Cortes","cliente793@cliente.com","0990000793","Médico","34","Mensual","Autoayuda","Historia","Literatura","Dale Carnegie","Carol Dweck","Hugh Thomas","880","3","Literatura","Gabriel Garcia Marquez","bajo","medio"
"Mónica Figueroa Salazar","cliente794@cliente.com","0990000794","Abogado","51","Mensual","Historia","Literatura","Misterio","Jack Weatherford","Jose Saramago","Gabriel Garcia Marquez","1430","5","Historia","Charles C. Mann","medio","medio"
"Regina Vidal Vargas","cliente795@cliente.com","0990000795","Abogado","40","Casi nunca","Historia","Literatura","Misterio","Terence D'Altroy","José Saramago","Fiodor Dostoievski","290","1","Misterio","Douglas Preston","bajo","bajo"
"Bárbara López Cortes","cliente796@cliente.com","0990000796","Constructor","40","Mensual","Literatura","Historia","Autoayuda","Jorge Luis Borges","Julio Cortazar","Simon Schama","1060","5","Literatura","George Orwell","bajo","medio"
"Constanza Rodríguez Morales","cliente797@cliente.com","0990000797","Docente","43","Semanal","Historia","Literatura","Autoayuda","Jack Weatherford","Franz Kafka","Miguel de Cervantes","0","0","","","bajo","bajo"
"Sergio Jara García","cliente798@cliente.com","0990000798","Médico","33","Mensual","Autoayuda","Historia","Literatura","Viktor Frankl","Stephen Covey","Hugh Thomas","1350","5","Autoayuda","Dale Carnegie","medio","medio"
"Ronald Mendoza Morales","cliente799@cliente.com","0990000799","Médico","62","Semanal","Autoayuda","Historia","Literatura","Marie Kondo","Malcolm Gladwell","Bill Bryson","390","2","Literatura","Franz Kafka","bajo","medio"
"Antonella Cruz Cruz","cliente800@cliente.com","0990000800","Diseñador","21","Mensual","Literatura","Fantasia","Romance","Gabriel Garcia Marquez","Miguel de Cervantes","Jorge Luis Borges","540","2","Literatura","Fiodor Dostoievski","bajo","bajo"
"Gonzalo Herrera Bustos","cliente801@cliente.com","0990000801","Periodista","54","Mensual","Historia","Literatura","Misterio","Simon Schama","Julio Cortazar","Dan Brown","0","0","","","bajo","bajo"
"Ernesto Chávez Bustos","cliente802@cliente.com","0990000802","Docente","31","Varias veces por semana","Historia","Literatura","Autoayuda","Terence D'Altroy","Charles Dickens","Fiodor Dostoievski","4150","14","Literatura","William Faulkner","alto","alto"
"Beatriz Barría Peralta","cliente803@cliente.com","0990000803","Docente","36","Mensual","Historia","Literatura","Autoayuda","Hugh Thomas","Charles C. Mann","Gabriel Garcia Marquez","1480","4","Historia","Yuval Noah Harari","medio","medio"
"Julio Barría Núñez","cliente804@cliente.com","0990000804","Contador","29","Mensual","Autoayuda","Historia","Literatura","James Clear","Viktor Frankl","Jack Weatherford","0","0","","","bajo","bajo"
"Daniela León Medina","cliente805@cliente.com","0990000805","Estudiante","18","A diario","Fantasia","Ciencia Ficcion","Infantil","George R.R. Martin","Brandon Sanderson","C.S. Lewis","4040","15","Ciencia Ficcion","C.S. Lewis","alto","alto"
"Camila Flores Bustos","cliente806@cliente.com","0990000806","Docente","58","Mensual","Historia","Literatura","Autoayuda","Charles Dickens","Yuval Noah Harari","Julio Cortazar","900","4","Literatura","George Orwell","bajo","medio"
"Javier Rivera Ortiz","cliente807@cliente.com","0990000807","Programador","45","A diario","Tecnologia","Ciencia Ficcion","Autoayuda","Tom Mitchell","Robert C. Martin","Susan Cruz","6790","23","Autoayuda","James Clear","alto","alto"
"Andrés Moreno Morales","cliente808@cliente.com","0990000808","Psicólogo","52","Mensual","Autoayuda","Historia","Literatura","Viktor Frankl","James Clear","José Saramago","0","0","","","bajo","bajo"
"Fernando Soto Peralta","cliente809@cliente.com","0990000809","Mecánico","55","Casi nunca","Literatura","Historia","Autoayuda","Jose Saramago","Miguel de Cervantes","Charles C. Mann","1140","3","Historia","Hugh Thomas","bajo","bajo"
"Carolina Figueroa Vargas","cliente810@cliente.com","0990000810","Arquitecto","34","Mensual","Literatura","Fantasia","Misterio","Isabel Allende","Franz Kafka","Julio Cortazar","1060","5","Literatura","Jorge Luis Borges","bajo","medio"
"Renata Muñoz Paredes","cliente811@cliente.com","0990000811","Enfermero","45","Mensual","Literatura","Historia","Autoayuda","Fiodor Dostoievski","Gabriel Garcia Marquez","Simon Schama","0","0","","","bajo","bajo"
"Juan Mendoza García","cliente812@cliente.com","0990000812","Abogado","65","Mensual","Historia","Literatura","Misterio","Yuval Noah Harari","Miguel de Cervantes","Jorge Luis Borges","600","2","Misterio","Dan Brown","bajo","bajo"
"Julio Rodríguez Salazar","cliente813@cliente.com","0990000813","Abogado","65","Semanal","Historia","Literatura","Misterio","Hugh Thomas","Harper Lee","Thomas Harris","240","1","Literatura","Juan Rulfo","bajo","medio"
"Pedro Cruz Cárdenas","cliente814@cliente.com","0990000814","Ingeniero","39","Semanal","Tecnologia","Ciencia Ficcion","Autoayuda","Marcus Garrido","Javier Zarca","Frank Herbert","1030","4","Ciencia Ficcion","Ray Bradbury","bajo","medio"
"Florencia Dominguez Sánchez","cliente815@cliente.com","0990000815","Estudiante","22","A diario","Fantasia","Ciencia Ficcion","Infantil","Patrick Rothfuss","Stanislaw Lem","Aldous Huxley","5760","18","Ciencia Ficcion","Suzanne Collins","alto","alto"
"Adrián Medina García","cliente816@cliente.com","0990000816","Ingeniero","47","A diario","Tecnologia","Ciencia Ficcion","Autoayuda","Marcus Garrido","Erich Gamma","Orson Scott Card","8110","26","Ciencia Ficcion","Isaac Asimov","alto","alto"
"Ricardo Reyes Díaz","cliente817@cliente.com","0990000817","Abogado","53","A diario","Historia","Literatura","Misterio","Hugh Thomas","Jack Weatherford","Jose Saramago","3330","10","Historia","Hugh Thomas","alto","alto"
"Nicolás Guerrero Guerrero","cliente818@cliente.com","0990000818","Arquitecto","26","Varias veces por semana","Literatura","Fantasia","Tecnologia","Jorge Luis Borges","Fiodor Dostoievski","Miguel de Cervantes","690","3","Literatura","Franz Kafka","bajo","alto"
"Tomás Martínez Reyes","cliente819@cliente.com","0990000819","Docente","59","Semanal","Historia","Literatura","Autoayuda","Hugh Thomas","Juan Rulfo","Harper Lee","2540","9","Historia","Simon Schama","medio","alto"
"Rosa Vidal Morales","cliente820@cliente.com","0990000820","Abogado","63","Casi nunca","Historia","Literatura","Misterio","Jared Diamond","Charles C. Mann","Julio Cortazar","580","2","Misterio","Douglas Preston","bajo","bajo"
"Mónica Mendoza Jara","cliente821@cliente.com","0990000821","Periodista","55","Mensual","Historia","Literatura","Misterio","Simon Schama","Franz Kafka","Agatha Christie","1430","5","Misterio","William Faulkner","medio","medio"
"Fausto Lara Lara","cliente822@cliente.com","0990000822","Estudiante","25","Varias veces por semana","Fantasia","Ciencia Ficcion","Infantil","J.K. Rowling","George R.R. Martin","Patrick Rothfuss","1420","4","Ciencia Ficcion","Isaac Asimov","medio","alto"
"Esteban López Gómez","cliente823@cliente.com","0990000823","Estudiante","18","Varias veces por semana","Fantasia","Ciencia Ficcion","Infantil","Brandon Sanderson","Rick Riordan","Terry Pratchett","5260","18","Infantil","J.R.R. Tolkien","alto","alto"
"Juan Chávez Carrasco","cliente824@cliente.com","0990000824","Comerciante","37","A diario","Literatura","Historia","Autoayuda","Miguel de Cervantes","Fiodor Dostoievski","José Saramago","1680","6","Literatura","Julio Cortazar","medio","alto"
"Lucía López Cruz","cliente825@cliente.com","0990000825","Programador","44","Semanal","Tecnologia","Ciencia Ficcion","Autoayuda","Erich Gamma","Stuart Russell","Stanislaw Lem","0","0","","","bajo","bajo"
"Gonzalo Reyes Rangel","cliente826@cliente.com","0990000826","Docente","45","A diario","Historia","Literatura","Autoayuda","Hugh Thomas","Yuval Noah Harari","Jack Weatherford","2170","8","Autoayuda","Gabriel Garcia Marquez","medio","alto"
"Roberta Herrera Pizarro","cliente827@cliente.com","0990000827","Abogado","37","A diario","Historia","Literatura","Misterio","Yuval Noah Harari","Hugh Thomas","Fiodor Dostoievski","3840","14","Literatura","Isabel Allende","alto","alto"
"Silvio Ponce Cárdenas","cliente828@cliente.com","0990000828","Programador","29","Mensual","Tecnologia","Ciencia Ficcion","Autoayuda","Thomas Cormen","Paul Maier","Tom Mitchell","2250","9","Autoayuda","Napoleon Hill","medio","medio"
"Augusto Morales Herrera","cliente829@cliente.com","0990000829","Ingeniero","45","Casi nunca","Tecnologia","Ciencia Ficcion","Autoayuda","Tom Mitchell","Stuart Russell","Susan Cruz","0","0","","","bajo","bajo"
"Kevin Lara Espinoza","cliente830@cliente.com","0990000830","Docente","32","Semanal","Historia","Literatura","Autoayuda","Hugh Thomas","José Saramago","Miguel de Cervantes","3330","12","Autoayuda","Yuval Noah Harari","alto","alto"
"Leonardo Reyes Cruz","cliente831@cliente.com","0990000831","Ingeniero","29","Mensual","Tecnologia","Ciencia Ficcion","Autoayuda","Paul Maier","Tom Mitchell","Isaac Asimov","690","3","Autoayuda","Napoleon Hill","bajo","medio"
"Gabriel Molina Lara","cliente832@cliente.com","0990000832","Ingeniero","46","Semanal","Tecnologia","Ciencia Ficcion","Autoayuda","Andrew Hunt","William Gibson","Stanislaw Lem","2440","7","Tecnologia","Thomas Cormen","medio","alto"
"Esteban Castillo Medina","cliente833@cliente.com","0990000833","Contador","57","Semanal","Autoayuda","Historia","Literatura","Napoleon Hill","Hugh Thomas","Franz Kafka","1950","8","Literatura","George Orwell","medio","alto"
"Rosa Peña Torres","cliente834@cliente.com","0990000834","Programador","46","Mensual","Tecnologia","Ciencia Ficcion","Autoayuda","Erich Gamma","Andrew Hunt","Marcus Garrido","1130","4","Tecnologia","Erich Gamma","bajo","medio"
"Manuel Sánchez López","cliente835@cliente.com","0990000835","Arquitecto","53","Semanal","Literatura","Fantasia","Tecnologia","Miguel de Cervantes","C.S. Lewis","Javier Zarca","990","3","Fantasia","Jose Saramago","bajo","medio"
"Pedro Molina Núñez","cliente836@cliente.com","0990000836","Veterinario","56","Casi nunca","Literatura","Historia","Autoayuda","Gabriel Garcia Marquez","Hugh Thomas","Dale Carnegie","720","3","Literatura","Juan Rulfo","bajo","bajo"
"Roberto Morales Ávila","cliente837@cliente.com","0990000837","Diseñador","36","Mensual","Literatura","Fantasia","Autoayuda","Franz Kafka","Miguel de Cervantes","Isabel Allende","690","3","Literatura","Jorge Luis Borges","bajo","medio"
"Fernando Navarrete Torres","cliente838@cliente.com","0990000838","Estudiante","25","Varias veces por semana","Fantasia","Ciencia Ficcion","Infantil","J.R.R. Tolkien","Terry Pratchett","Stanislaw Lem","1190","5","Infantil","Lewis Carroll","medio","alto"
"Carlos Flores Gómez","cliente839@cliente.com","0990000839","Estudiante","20","A diario","Fantasia","Ciencia Ficcion","Infantil","Robin Hobb","Orson Scott Card","Isaac Asimov","1990","8","Infantil","E.B. White","medio","alto"
"Tomás Torres León","cliente840@cliente.com","0990000840","Diseñador","36","Semanal","Literatura","Fantasia","Tecnologia","Isabel Allende","Julio Cortazar","C.S. Lewis","1480","5","Literatura","Franz Kafka","medio","medio"
"Martina Cruz García","cliente841@cliente.com","0990000841","Diseñador","45","Mensual","Literatura","Fantasia","Tecnologia","Gabriel Garcia Marquez","Jorge Luis Borges","Harper Lee","990","3","Tecnologia","Javier Zarca","bajo","medio"
"Laura Muñoz López","cliente842@cliente.com","0990000842","Estudiante","25","Varias veces por semana","Fantasia","Ciencia Ficcion","Infantil","Robin Hobb","Terry Pratchett","Aldous Huxley","1215","5","Ciencia Ficcion","Douglas Adams","medio","alto"
"Fernando Contreras Molina","cliente843@cliente.com","0990000843","Docente","40","Mensual","Historia","Literatura","Autoayuda","Jared Diamond","Terence D'Altroy","Harper Lee","810","3","Literatura","William Faulkner","bajo","medio"
"Daniela Vidal Cabrera","cliente844@cliente.com","0990000844","Veterinario","58","Casi nunca","Literatura","Historia","Autoayuda","Isabel Allende","Jared Diamond","Charles C. Mann","750","3","Autoayuda","Malcolm Gladwell","bajo","bajo"
"Gloria Muñoz Montero","cliente845@cliente.com","0990000845","Abogado","44","Mensual","Historia","Literatura","Misterio","Yuval Noah Harari","Simon Schama","Charles C. Mann","290","1","Misterio","Douglas Preston","bajo","bajo"
"Sergio Chávez Mendoza","cliente846@cliente.com","0990000846","Contador","45","A diario","Autoayuda","Historia","Literatura","Marie Kondo","Charles C. Mann","Jose Saramago","5340","16","Historia","Julio Cortazar","alto","alto"
"Roberto Vargas Molina","cliente847@cliente.com","0990000847","Contador","32","Varias veces por semana","Autoayuda","Historia","Ciencia Ficcion","Malcolm Gladwell","James Clear","Yuval Noah Harari","1870","6","Historia","Charles C. Mann","medio","alto"
"Marcelo Cortes Paredes","cliente848@cliente.com","0990000848","Ingeniero","28","Varias veces por semana","Tecnologia","Ciencia Ficcion","Autoayuda","Susan Cruz","Erich Gamma","Ray Bradbury","3370","11","Ciencia Ficcion","Douglas Adams","alto","alto"
"Fausto Castillo Rivera","cliente849@cliente.com","0990000849","Enfermero","35","Varias veces por semana","Literatura","Historia","Autoayuda","Fiodor Dostoievski","Charles C. Mann","Malcolm Gladwell","1890","7","Autoayuda","James Clear","medio","alto"
"Fernando Bravo Peralta","cliente850@cliente.com","0990000850","Programador","45","Mensual","Tecnologia","Ciencia Ficcion","Autoayuda","Thomas Cormen","Stuart Russell","William Gibson","2840","10","Autoayuda","Dale Carnegie","alto","medio"
"Esteban Bravo Flores","cliente851@cliente.com","0990000851","Contador","34","A diario","Autoayuda","Historia","Misterio","Paulo Coelho","Carol Dweck","Jared Diamond","5910","20","Misterio","Gillian Flynn","alto","alto"
"Marcos Vega Reyes","cliente852@cliente.com","0990000852","Docente","33","Varias veces por semana","Historia","Literatura","Autoayuda","Jack Weatherford","Yuval Noah Harari","Hugh Thomas","6050","21","Literatura","Gabriel Garcia Marquez","alto","alto"
"Fernanda Barría Moreno","cliente853@cliente.com","0990000853","Programador","30","Semanal","Tecnologia","Ciencia Ficcion","Autoayuda","Stuart Russell","Javier Zarca","Orson Scott Card","2070","7","Autoayuda","Stephen Covey","medio","alto"
"Arturo Ibarra Zamora","cliente854@cliente.com","0990000854","Abogado","36","Semanal","Historia","Literatura","Misterio","José Saramago","Fiodor Dostoievski","Franz Kafka","2145","7","Misterio","Scott Turow","medio","alto"
"Kevin Vega Pérez","cliente855@cliente.com","0990000855","Médico","63","Casi nunca","Autoayuda","Historia","Literatura","Dale Carnegie","Stephen Covey","Hugh Thomas","930","3","Literatura","Isabel Allende","bajo","bajo"
"Laura Ibarra Muñoz","cliente856@cliente.com","0990000856","Ingeniero","30","Mensual","Tecnologia","Ciencia Ficcion","Autoayuda","Paul Maier","Ray Bradbury","Arthur C. Clarke","0","0","","","bajo","bajo"
"Miguel Jiménez Pérez","cliente857@cliente.com","0990000857","Periodista","38","Semanal","Historia","Literatura","Misterio","Charles C. Mann","Hugh Thomas","Charles Dickens","1820","6","Misterio","Thomas Harris","medio","alto"
"Sergio Lara Guerrero","cliente858@cliente.com","0990000858","Estudiante","26","Varias veces por semana","Fantasia","Ciencia Ficcion","Infantil","Patrick Rothfuss","Orson Scott Card","Ray Bradbury","4105","14","Infantil","Suzanne Collins","alto","alto"
"Juan Cruz Flores","cliente859@cliente.com","0990000859","Abogado","44","Mensual","Historia","Literatura","Misterio","Bill Bryson","Hugh Thomas","José Saramago","560","2","Misterio","Patricia Cornwell","bajo","bajo"
"Julio Morales Rivera","cliente860@cliente.com","0990000860","Arquitecto","34","A diario","Literatura","Fantasia","Tecnologia","Miguel de Cervantes","George R.R. Martin","Robin Hobb","8340","27","Literatura","George Orwell","alto","alto"
"Fausto Díaz Castillo","cliente861@cliente.com","0990000861","Contador","30","A diario","Autoayuda","Historia","Infantil","Eckhart Tolle","James Clear","Dale Carnegie","1140","4","Autoayuda","Carol Dweck","bajo","alto"
"Ramón Vargas Navarrete","cliente862@cliente.com","0990000862","Estudiante","20","Semanal","Fantasia","Ciencia Ficcion","Infantil","J.K. Rowling","Terry Pratchett","C.S. Lewis","2700","10","Ciencia Ficcion","Isaac Asimov","medio","alto"
"Patricio Torres Díaz","cliente863@cliente.com","0990000863","Docente","32","Mensual","Historia","Literatura","Autoayuda","Bill Bryson","Julio Cortazar","James Clear","180","1","Literatura","George Orwell","bajo","bajo"
"Emilio Ramírez Contreras","cliente864@cliente.com","0990000864","Docente","40","Casi nunca","Historia","Literatura","Autoayuda","Bill Bryson","Miguel de Cervantes","Franz Kafka","0","0","","","bajo","bajo"
"Camila Espinoza Cortes","cliente865@cliente.com","0990000865","Docente","36","Varias veces por semana","Historia","Literatura","Autoayuda","Yuval Noah Harari","Fiodor Dostoievski","Carol Dweck","2010","8","Autoayuda","Viktor Frankl","medio","alto"
"Gonzalo Rivera Castillo","cliente866@cliente.com","0990000866","Docente","44","Semanal","Historia","Literatura","Autoayuda","Bill Bryson","Isabel Allende","Juan Rulfo","240","1","Literatura","Juan Rulfo","bajo","medio"
"Fernanda Chávez Ibarra","cliente867@cliente.com","0990000867","Médico","58","Mensual","Autoayuda","Historia","Literatura","Viktor Frankl","Yuval Noah Harari","Charles Dickens","380","1","Historia","Hugh Thomas","bajo","bajo"
"Fernanda Muñoz Morales","cliente868@cliente.com","0990000868","Estudiante","21","Varias veces por semana","Fantasia","Ciencia Ficcion","Infantil","Rick Riordan","Isaac Asimov","Julia Donaldson","830","5","Infantil","E.B. White","bajo","alto"
"Sofía Sánchez Flores","cliente869@cliente.com","0990000869","Docente","56","Semanal","Historia","Literatura","Autoayuda","José Saramago","Jack Weatherford","Harper Lee","560","2","Literatura","Miguel de Cervantes","bajo","medio"
"Sergio Cortes Garay","cliente870@cliente.com","0990000870","Estudiante","25","A diario","Fantasia","Ciencia Ficcion","Infantil","Neil Gaiman","C.S. Lewis","William Gibson","450","3","Infantil","Antoine de Saint-Exupery","bajo","alto"
"Rosa Barrera Pérez","cliente871@cliente.com","0990000871","Ingeniero","34","Mensual","Tecnologia","Ciencia Ficcion","Autoayuda","Susan Cruz","Marcus Garrido","George Orwell","0","0","","","bajo","bajo"
"Sebastián Vargas González","cliente872@cliente.com","0990000872","Médico","48","Semanal","Autoayuda","Historia","Literatura","James Clear","Viktor Frankl","José Saramago","210","1","Autoayuda","Marie Kondo","bajo","medio"
"Adrián Contreras Medina","cliente873@cliente.com","0990000873","Estudiante","25","A diario","Fantasia","Ciencia Ficcion","Infantil","Brandon Sanderson","J.R.R. Tolkien","Isaac Asimov","4115","15","Ciencia Ficcion","Orson Scott Card","alto","alto"
"Marcelo Zamora Martínez","cliente874@cliente.com","0990000874","Diseñador","33","Varias veces por semana","Literatura","Fantasia","Tecnologia","Julio Cortazar","Franz Kafka","George R.R. Martin","2810","8","Tecnologia","Tom Mitchell","alto","alto"
"Santiago Díaz Fuentes","cliente875@cliente.com","0990000875","Contador","38","Mensual","Autoayuda","Historia","Misterio","Eckhart Tolle","Stephen Covey","Charles C. Mann","1270","5","Autoayuda","Dale Carnegie","medio","medio"
"Ana Ortiz Jiménez","cliente876@cliente.com","0990000876","Ingeniero","26","A diario","Tecnologia","Ciencia Ficcion","Autoayuda","Thomas Cormen","Erich Gamma","Robert C. Martin","4440","17","Autoayuda","Marie Kondo","alto","alto"
"Pedro Jara Rangel","cliente877@cliente.com","0990000877","Médico","59","A diario","Autoayuda","Historia","Literatura","Carol Dweck","Stephen Covey","Malcolm Gladwell","2250","9","Literatura","Jorge Luis Borges","medio","alto"
"Beatriz Martínez Peña","cliente878@cliente.com","0990000878","Contador","28","Mensual","Autoayuda","Historia","Misterio","Marie Kondo","Paulo Coelho","Viktor Frankl","2100","7","Autoayuda","Stephen Covey","medio","medio"
"Natalia Prieto Castillo","cliente879@cliente.com","0990000879","Ingeniero","34","Mensual","Tecnologia","Ciencia Ficcion","Autoayuda","Susan Cruz","Andrew Hunt","Thomas Cormen","300","1","Ciencia Ficcion","Suzanne Collins","bajo","bajo"
"Silvia Ramírez Díaz","cliente880@cliente.com","0990000880","Ingeniero","52","Casi nunca","Tecnologia","Ciencia Ficcion","Autoayuda","Tom Mitchell","Robert C. Martin","Marcus Garrido","0","0","","","bajo","bajo"
"Constanza Molina Mendoza","cliente881@cliente.com","0990000881","Contador","29","Semanal","Autoayuda","Historia","Literatura","Eckhart Tolle","Carol Dweck","José Saramago","2130","9","Literatura","Jorge Luis Borges","medio","alto"
"Elena Cárdenas Peña","cliente882@cliente.com","0990000882","Periodista","28","Semanal","Historia","Literatura","Misterio","Simon Schama","Charles C. Mann","Isabel Allende","340","1","Historia","Jack Weatherford","bajo","medio"
"Regina Muñoz Mendoza","cliente883@cliente.com","0990000883","Ingeniero","31","Varias veces por semana","Tecnologia","Ciencia Ficcion","Autoayuda","Susan Cruz","Erich Gamma","Douglas Adams","1900","7","Ciencia Ficcion","Eckhart Tolle","medio","alto"
"Ramón Núñez Cruz","cliente884@cliente.com","0990000884","Estudiante","21","Varias veces por semana","Fantasia","Ciencia Ficcion","Infantil","J.R.R. Tolkien","Robin Hobb","Patrick Rothfuss","805","3","Fantasia","Rick Riordan","bajo","alto"
"Roberto Bravo Vásquez","cliente885@cliente.com","0990000885","Estudiante","21","Varias veces por semana","Fantasia","Ciencia Ficcion","Infantil","Terry Pratchett","C.S. Lewis","Douglas Adams","2785","9","Fantasia","J.K. Rowling","medio","alto"
"Carmen Díaz Garay","cliente886@cliente.com","0990000886","Abogado","39","A diario","Historia","Literatura","Misterio","Yuval Noah Harari","Charles C. Mann","Franz Kafka","6230","19","Literatura","Gabriel Garcia Marquez","alto","alto"
"Patricia Martínez Morales","cliente887@cliente.com","0990000887","Enfermero","52","A diario","Literatura","Historia","Autoayuda","Jose Saramago","Harper Lee","Charles Dickens","1050","3","Historia","Charles C. Mann","bajo","alto"
"Graciela Chávez Rodríguez","cliente888@cliente.com","0990000888","Arquitecto","46","Mensual","Literatura","Fantasia","Romance","Miguel de Cervantes","Julio Cortazar","Robin Hobb","0","0","","","bajo","bajo"
"Paola Barría García","cliente889@cliente.com","0990000889","Estudiante","20","A diario","Fantasia","Ciencia Ficcion","Infantil","Rick Riordan","J.K. Rowling","Stanislaw Lem","6070","19","Fantasia","Johanna Spyri","alto","alto"
"Alberto Sánchez Rodríguez","cliente890@cliente.com","0990000890","Médico","39","Varias veces por semana","Autoayuda","Historia","Literatura","Paulo Coelho","Bill Bryson","Terence D'Altroy","2340","9","Literatura","Gabriel Garcia Marquez","medio","alto"
"Roberta Salazar Fuentes","cliente891@cliente.com","0990000891","Chef","41","Mensual","Historia","Literatura","Autoayuda","Bill Bryson","José Saramago","Gabriel Garcia Marquez","1560","5","Literatura","Miguel de Cervantes","medio","medio"
"Fausto Lara Dominguez","cliente892@cliente.com","0990000892","Periodista","40","A diario","Historia","Literatura","Misterio","Terence D'Altroy","Jose Saramago","Harper Lee","3880","12","Literatura","Charles C. Mann","alto","alto"
"Jorge Rangel Reyes","cliente893@cliente.com","0990000893","Estudiante","26","A diario","Fantasia","Ciencia Ficcion","Infantil","George R.R. Martin","Arthur C. Clarke","Ray Bradbury","3525","15","Ciencia Ficcion","Johanna Spyri","alto","alto"
"Valentina Jiménez Díaz","cliente894@cliente.com","0990000894","Estudiante","20","Semanal","Fantasia","Ciencia Ficcion","Infantil","Patrick Rothfuss","Stanislaw Lem","Roald Dahl","1630","6","Infantil","Roald Dahl","medio","alto"
"Elena Herrera Díaz","cliente895@cliente.com","0990000895","Veterinario","38","Semanal","Literatura","Historia","Autoayuda","Harper Lee","Jorge Luis Borges","Isabel Allende","1740","6","Literatura","Jorge Luis Borges","medio","alto"
"Andrés Fuentes Contreras","cliente896@cliente.com","0990000896","Diseñador","21","Varias veces por semana","Literatura","Fantasia","Tecnologia","Jose Saramago","Juan Rulfo","Miguel de Cervantes","2640","9","Literatura","Harper Lee","medio","alto"
"Martina Núñez Paredes","cliente897@cliente.com","0990000897","Médico","28","Varias veces por semana","Autoayuda","Historia","Literatura","Viktor Frankl","Stephen Covey","Jack Weatherford","1270","5","Autoayuda","Stephen Covey","medio","alto"
"María Paredes Vargas","cliente898@cliente.com","0990000898","Arquitecto","49","Semanal","Literatura","Fantasia","Autoayuda","Jorge Luis Borges","Terry Pratchett","Brandon Sanderson","2940","8","Fantasia","Isabel Allende","alto","alto"
"Héctor Reyes Herrera","cliente899@cliente.com","0990000899","Docente","27","Mensual","Historia","Literatura","Autoayuda","Terence D'Altroy","Isabel Allende","Carol Dweck","620","2","Historia","Charles Dickens","bajo","bajo"
"Martina Montero León","cliente900@cliente.com","0990000900","Médico","64","Mensual","Autoayuda","Historia","Literatura","Napoleon Hill","James Clear","Charles C. Mann","980","3","Historia","Bill Bryson","bajo","medio"
"Carlos Salazar Carrasco","cliente901@cliente.com","0990000901","Diseñador","60","Mensual","Literatura","Fantasia","Misterio","Fiodor Dostoievski","Brandon Sanderson","Patrick Rothfuss","2180","6","Fantasia","Isabel Allende","medio","medio"
"Florencia González Morales","cliente902@cliente.com","0990000902","Estudiante","26","A diario","Fantasia","Ciencia Ficcion","Infantil","C.S. Lewis","Ray Bradbury","Orson Scott Card","3335","13","Ciencia Ficcion","Suzanne Collins","alto","alto"
"Miguel Torres Prieto","cliente903@cliente.com","0990000903","Ingeniero","35","Semanal","Tecnologia","Ciencia Ficcion","Autoayuda","Stuart Russell","Frank Herbert","Isaac Asimov","660","2","Tecnologia","Javier Zarca","bajo","medio"
"Lucía García Cortes","cliente904@cliente.com","0990000904","Docente","54","Semanal","Historia","Literatura","Autoayuda","Terence D'Altroy","Hugh Thomas","Julio Cortazar","1480","5","Historia","Jack Weatherford","medio","medio"
"Valentina Peralta Guerrero","cliente905@cliente.com","0990000905","Estudiante","25","Semanal","Fantasia","Ciencia Ficcion","Infantil","C.S. Lewis","Aldous Huxley","Douglas Adams","2395","10","Infantil","Stanislaw Lem","medio","alto"
"Martina Barría Flores","cliente906@cliente.com","0990000906","Docente","57","Mensual","Historia","Literatura","Autoayuda","Charles Dickens","Fiodor Dostoievski","Dale Carnegie","600","2","Literatura","Julio Cortazar","bajo","bajo"
"Ricardo Peralta Ortiz","cliente907@cliente.com","0990000907","Periodista","42","Mensual","Historia","Literatura","Misterio","Hugh Thomas","Julio Cortazar","Fiodor Dostoievski","280","1","Literatura","Fiodor Dostoievski","bajo","bajo"
"Jorge Herrera Muñoz","cliente908@cliente.com","0990000908","Abogado","59","Mensual","Historia","Literatura","Misterio","Charles C. Mann","Juan Rulfo","Isabel Allende","900","3","Misterio","Dan Brown","bajo","medio"
"Pablo Salazar Salazar","cliente909@cliente.com","0990000909","Electricista","31","Semanal","Literatura","Historia","Autoayuda","Miguel de Cervantes","Yuval Noah Harari","Jack Weatherford","870","3","Autoayuda","Stephen Covey","bajo","medio"
"Lucía López Moreno","cliente910@cliente.com","0990000910","Docente","58","Mensual","Historia","Literatura","Autoayuda","Charles Dickens","Charles C. Mann","José Saramago","1350","4","Historia","Simon Schama","medio","medio"
"Héctor Peña Díaz","cliente911@cliente.com","0990000911","Docente","43","Mensual","Historia","Literatura","Autoayuda","José Saramago","Jared Diamond","Fiodor Dostoievski","1120","4","Literatura","Jorge Luis Borges","bajo","medio"
"Luis Vidal Romero","cliente912@cliente.com","0990000912","Estudiante","25","Varias veces por semana","Fantasia","Ciencia Ficcion","Infantil","Patrick Rothfuss","C.S. Lewis","Neil Gaiman","300","2","Infantil","Antoine de Saint-Exupery","bajo","medio"
"Alejandro Lara Martínez","cliente913@cliente.com","0990000913","Arquitecto","32","Varias veces por semana","Literatura","Fantasia","Historia","Juan Rulfo","Brandon Sanderson","Rick Riordan","6250","19","Fantasia","Simon Schama","alto","alto"
"Silvia Herrera Cruz","cliente914@cliente.com","0990000914","Periodista","55","Casi nunca","Historia","Literatura","Misterio","Terence D'Altroy","José Saramago","Bill Bryson","280","1","Misterio","Patricia Cornwell","bajo","bajo"
"Patricia García Medina","cliente915@cliente.com","0990000915","Estudiante","19","A diario","Fantasia","Ciencia Ficcion","Infantil","George R.R. Martin","Aldous Huxley","Arthur C. Clarke","2590","11","Infantil","Arthur C. Clarke","medio","alto"
"Ricardo Ponce Cabrera","cliente916@cliente.com","0990000916","Psicólogo","58","A diario","Autoayuda","Historia","Literatura","Dale Carnegie","Terence D'Altroy","Jorge Luis Borges","6930","21","Historia","Yuval Noah Harari","alto","alto"
"Andrea Ponce Flores","cliente917@cliente.com","0990000917","Ingeniero","40","Semanal","Tecnologia","Ciencia Ficcion","Autoayuda","Robert C. Martin","Orson Scott Card","Frank Herbert","1830","6","Ciencia Ficcion","Isaac Asimov","medio","alto"
"Mónica Flores Ramírez","cliente918@cliente.com","0990000918","Ingeniero","36","Varias veces por semana","Tecnologia","Ciencia Ficcion","Autoayuda","Stuart Russell","Erich Gamma","William Gibson","4190","15","Ciencia Ficcion","Suzanne Collins","alto","alto"
"Hugo Castillo López","cliente919@cliente.com","0990000919","Médico","29","Varias veces por semana","Autoayuda","Historia","Literatura","Marie Kondo","Jack Weatherford","Miguel de Cervantes","4440","16","Historia","Viktor Frankl","alto","alto"
"Lorena Paredes Prieto","cliente920@cliente.com","0990000920","Estudiante","23","Varias veces por semana","Fantasia","Ciencia Ficcion","Infantil","Robin Hobb","William Gibson","Aldous Huxley","0","0","","","bajo","medio"
"Sergio Rivera Molina","cliente921@cliente.com","0990000921","Docente","42","Mensual","Historia","Literatura","Autoayuda","Charles Dickens","Charles C. Mann","Bill Bryson","500","2","Literatura","Juan Rulfo","bajo","bajo"
"Laura Chávez Vega","cliente922@cliente.com","0990000922","Chef","46","Casi nunca","Historia","Literatura","Infantil","Bill Bryson","José Saramago","Yuval Noah Harari","360","2","Infantil","Mark Twain","bajo","bajo"
"Javier Peña Prieto","cliente923@cliente.com","0990000923","Ingeniero","46","Mensual","Tecnologia","Ciencia Ficcion","Autoayuda","Javier Zarca","Robert C. Martin","Orson Scott Card","540","2","Autoayuda","Dale Carnegie","bajo","bajo"
"Hugo Ávila Reyes","cliente924@cliente.com","0990000924","Docente","59","Semanal","Historia","Literatura","Autoayuda","Jack Weatherford","Simon Schama","Yuval Noah Harari","1990","9","Literatura","Marie Kondo","medio","alto"
"Valeria Montero Figueroa","cliente925@cliente.com","0990000925","Médico","53","Casi nunca","Autoayuda","Historia","Literatura","Stephen Covey","Napoleon Hill","Bill Bryson","700","2","Historia","Charles C. Mann","bajo","bajo"
"José Figueroa Ávila","cliente926@cliente.com","0990000926","Contador","47","Mensual","Autoayuda","Historia","Literatura","Marie Kondo","Paulo Coelho","Jared Diamond","320","1","Literatura","Gabriel Garcia Marquez","bajo","bajo"
"Bárbara Cabrera Reyes","cliente927@cliente.com","0990000927","Docente","47","Mensual","Historia","Literatura","Autoayuda","Jack Weatherford","Franz Kafka","Carol Dweck","1170","5","Literatura","Juan Rulfo","bajo","medio"
"Alberto Barrera Barrera","cliente928@cliente.com","0990000928","Periodista","58","A diario","Historia","Literatura","Misterio","Bill Bryson","Charles C. Mann","Jose Saramago","5760","19","Historia","Terence N. D'Altroy","alto","alto"
"Hugo Ponce Díaz","cliente929@cliente.com","0990000929","Ingeniero","29","Varias veces por semana","Tecnologia","Ciencia Ficcion","Autoayuda","Susan Cruz","Andrew Hunt","Stanislaw Lem","4070","14","Ciencia Ficcion","Erich Gamma","alto","alto"
"Lorena Prieto Morales","cliente930@cliente.com","0990000930","Abogado","55","A diario","Historia","Literatura","Misterio","Terence D'Altroy","Juan Rulfo","Thomas Harris","2960","10","Historia","Thomas Harris","alto","alto"
"Renata Lara Lara","cliente931@cliente.com","0990000931","Médico","58","Casi nunca","Autoayuda","Historia","Literatura","Malcolm Gladwell","Viktor Frankl","Marie Kondo","0","0","","","bajo","bajo"
"Víctor Muñoz Chávez","cliente932@cliente.com","0990000932","Ingeniero","30","Mensual","Tecnologia","Ciencia Ficcion","Autoayuda","Erich Gamma","Marcus Garrido","George Orwell","1050","4","Ciencia Ficcion","Ray Bradbury","bajo","medio"
"Renata Prieto Chávez","cliente933@cliente.com","0990000933","Comerciante","24","Mensual","Literatura","Historia","Autoayuda","Franz Kafka","Jose Saramago","Julio Cortazar","1070","3","Historia","Hugh Thomas","bajo","medio"
"Fernando Vargas Castillo","cliente934@cliente.com","0990000934","Abogado","60","Mensual","Historia","Literatura","Misterio","Hugh Thomas","Bill Bryson","Charles Dickens","0","0","","","bajo","bajo"
"Antonella Díaz Reyes","cliente935@cliente.com","0990000935","Periodista","31","Mensual","Historia","Literatura","Misterio","Bill Bryson","Charles C. Mann","Simon Schama","0","0","","","bajo","bajo"
"Emilia Mendoza Herrera","cliente936@cliente.com","0990000936","Psicólogo","56","Casi nunca","Autoayuda","Historia","Literatura","Dale Carnegie","James Clear","Carol Dweck","1140","3","Historia","Yuval Noah Harari","bajo","bajo"
"Patricia Gómez Reyes","cliente937@cliente.com","0990000937","Estudiante","26","Varias veces por semana","Fantasia","Ciencia Ficcion","Infantil","Terry Pratchett","Rick Riordan","George R.R. Martin","1680","6","Ciencia Ficcion","George Orwell","medio","alto"
"Daniel Molina Ortiz","cliente938@cliente.com","0990000938","Programador","53","Semanal","Tecnologia","Ciencia Ficcion","Autoayuda","Erich Gamma","Paul Maier","George Orwell","820","3","Tecnologia","Marcus Garrido","bajo","medio"
"Roberta Medina León","cliente939@cliente.com","0990000939","Contador","44","Casi nunca","Autoayuda","Historia","Tecnologia","Marie Kondo","Malcolm Gladwell","Terence D'Altroy","0","0","","","bajo","bajo"
"Regina López Lara","cliente940@cliente.com","0990000940","Contador","60","Mensual","Autoayuda","Historia","Literatura","Viktor Frankl","Dale Carnegie","Charles C. Mann","1820","6","Historia","Charles C. Mann","medio","medio"
"Alejandra Pérez Reyes","cliente941@cliente.com","0990000941","Estudiante","18","Varias veces por semana","Fantasia","Ciencia Ficcion","Infantil","J.K. Rowling","William Gibson","Isaac Asimov","2260","10","Infantil","E.B. White","medio","alto"
"Constanza Ávila Reyes","cliente942@cliente.com","0990000942","Estudiante","26","A diario","Fantasia","Ciencia Ficcion","Infantil","George R.R. Martin","J.K. Rowling","Arthur C. Clarke","3010","10","Fantasia","Antoine de Saint-Exupery","alto","alto"
"Florencia García Soto","cliente943@cliente.com","0990000943","Abogado","42","Semanal","Historia","Literatura","Misterio","Charles C. Mann","Jack Weatherford","Simon Schama","3770","12","Misterio","Paula Hawkins","alto","alto"
"Valentina Espinoza Contreras","cliente944@cliente.com","0990000944","Estudiante","20","A diario","Fantasia","Ciencia Ficcion","Infantil","C.S. Lewis","J.R.R. Tolkien","Robin Hobb","5415","17","Ciencia Ficcion","Arthur C. Clarke","alto","alto"
"Kevin López Navarrete","cliente945@cliente.com","0990000945","Estudiante","18","A diario","Fantasia","Ciencia Ficcion","Infantil","George R.R. Martin","C.S. Lewis","William Gibson","3140","9","Fantasia","Neil Gaiman","alto","alto"
"Ana Guerrero Reyes","cliente946@cliente.com","0990000946","Docente","44","Mensual","Historia","Literatura","Autoayuda","Charles C. Mann","Jose Saramago","Miguel de Cervantes","230","1","Autoayuda","Napoleon Hill","bajo","bajo"
"Carmen Martínez Guerrero","cliente947@cliente.com","0990000947","Docente","26","Semanal","Historia","Literatura","Autoayuda","Yuval Noah Harari","Charles Dickens","Isabel Allende","1240","4","Historia","Simon Schama","medio","medio"
"Kevin Pizarro Dominguez","cliente948@cliente.com","0990000948","Ingeniero","44","Mensual","Tecnologia","Ciencia Ficcion","Autoayuda","Erich Gamma","Susan Cruz","Aldous Huxley","2360","9","Ciencia Ficcion","Napoleon Hill","medio","medio"
"Esteban Jiménez Pérez","cliente949@cliente.com","0990000949","Ingeniero","32","Semanal","Tecnologia","Ciencia Ficcion","Autoayuda","Andrew Hunt","Isaac Asimov","Orson Scott Card","1800","6","Autoayuda","Napoleon Hill","medio","alto"
"Antonella Díaz Jara","cliente950@cliente.com","0990000950","Estudiante","22","Varias veces por semana","Fantasia","Ciencia Ficcion","Infantil","Rick Riordan","J.K. Rowling","Douglas Adams","1265","5","Infantil","L. Frank Baum","medio","alto"
"Lorena García Soto","cliente951@cliente.com","0990000951","Estudiante","18","Semanal","Fantasia","Ciencia Ficcion","Infantil","Patrick Rothfuss","C.S. Lewis","William Gibson","2770","9","Fantasia","Patrick Rothfuss","medio","alto"
"Natalia Vidal Dominguez","cliente952@cliente.com","0990000952","Enfermero","43","Casi nunca","Literatura","Historia","Autoayuda","Juan Rulfo","Julio Cortazar","Terence D'Altroy","0","0","","","bajo","bajo"
"Silvia Jiménez Soto","cliente953@cliente.com","0990000953","Periodista","36","A diario","Historia","Literatura","Misterio","Jack Weatherford","Charles C. Mann","Franz Kafka","5170","19","Misterio","Jorge Luis Borges","alto","alto"
"Beatriz Pérez Ibarra","cliente954@cliente.com","0990000954","Veterinario","37","Semanal","Literatura","Historia","Autoayuda","Isabel Allende","Charles Dickens","Stephen Covey","1420","5","Literatura","Fiodor Dostoievski","medio","medio"
"Juan Vargas Morales","cliente955@cliente.com","0990000955","Estudiante","18","Mensual","Fantasia","Ciencia Ficcion","Infantil","Terry Pratchett","Brandon Sanderson","J.K. Rowling","2220","6","Fantasia","J.R.R. Tolkien","medio","medio"
"Ana Iglesias Castillo","cliente956@cliente.com","0990000956","Contador","45","Semanal","Autoayuda","Historia","Romance","Malcolm Gladwell","Hugh Thomas","Terence D'Altroy","660","3","Historia","Charles Dickens","bajo","medio"
"María Bravo Castillo","cliente957@cliente.com","0990000957","Estudiante","20","Semanal","Fantasia","Ciencia Ficcion","Infantil","Neil Gaiman","Robin Hobb","Stanislaw Lem","670","2","Infantil","Roald Dahl","bajo","medio"
"Tomás Morales Carrasco","cliente958@cliente.com","0990000958","Docente","39","Varias veces por semana","Historia","Literatura","Autoayuda","Hugh Thomas","Terence D'Altroy","Charles Dickens","1250","4","Literatura","Isabel Allende","medio","alto"
"Martina Contreras Cruz","cliente959@cliente.com","0990000959","Médico","62","Casi nunca","Autoayuda","Historia","Literatura","Malcolm Gladwell","Yuval Noah Harari","Harper Lee","0","0","","","bajo","bajo"
"Miguel Cortes Cruz","cliente960@cliente.com","0990000960","Docente","42","Semanal","Historia","Literatura","Autoayuda","Hugh Thomas","Charles C. Mann","Jose Saramago","270","1","Literatura","William Faulkner","bajo","medio"
"Mónica Castillo Vásquez","cliente961@cliente.com","0990000961","Estudiante","21","A diario","Fantasia","Ciencia Ficcion","Infantil","Patrick Rothfuss","Ray Bradbury","William Gibson","3935","19","Infantil","Antoine de Saint-Exupery","alto","alto"
"Manuel Rodríguez Salazar","cliente962@cliente.com","0990000962","Programador","27","Semanal","Tecnologia","Ciencia Ficcion","Autoayuda","Susan Cruz","Marcus Garrido","Arthur C. Clarke","1800","6","Tecnologia","Marcus Garrido","medio","alto"
"Paola Ramírez Espinoza","cliente963@cliente.com","0990000963","Médico","40","Semanal","Autoayuda","Historia","Literatura","Carol Dweck","James Clear","Malcolm Gladwell","280","1","Literatura","Fiodor Dostoievski","bajo","medio"
"Héctor Dominguez Ortiz","cliente964@cliente.com","0990000964","Comerciante","46","Mensual","Literatura","Historia","Autoayuda","Gabriel Garcia Marquez","Juan Rulfo","Yuval Noah Harari","630","3","Literatura","Franz Kafka","bajo","medio"
"Patricia Chávez Mendoza","cliente965@cliente.com","0990000965","Ingeniero","31","Mensual","Tecnologia","Ciencia Ficcion","Autoayuda","Stuart Russell","Javier Zarca","Thomas Cormen","900","3","Ciencia Ficcion","Isaac Asimov","bajo","medio"
"Adrián González Flores","cliente966@cliente.com","0990000966","Médico","55","Mensual","Autoayuda","Historia","Literatura","Carol Dweck","Napoleon Hill","Terence D'Altroy","2180","7","Literatura","Julio Cortazar","medio","medio"
"Manuel Vásquez Ortiz","cliente967@cliente.com","0990000967","Ingeniero","54","Semanal","Tecnologia","Ciencia Ficcion","Autoayuda","Robert C. Martin","Stuart Russell","Paul Maier","3800","13","Tecnologia","Marcus Garrido","alto","alto"
"Verónica González Martínez","cliente968@cliente.com","0990000968","Ingeniero","24","Semanal","Tecnologia","Ciencia Ficcion","Autoayuda","Andrew Hunt","Ray Bradbury","Paulo Coelho","2430","8","Ciencia Ficcion","Douglas Adams","medio","alto"
"Camila Sánchez Dominguez","cliente969@cliente.com","0990000969","Docente","58","Casi nunca","Historia","Literatura","Autoayuda","Charles Dickens","Jared Diamond","Terence D'Altroy","0","0","","","bajo","bajo"
"Elena Medina Vargas","cliente970@cliente.com","0990000970","Médico","50","Casi nunca","Autoayuda","Historia","Literatura","Paulo Coelho","Charles Dickens","Fiodor Dostoievski","0","0","","","bajo","bajo"
"Bárbara Vargas Silva","cliente971@cliente.com","0990000971","Psicólogo","31","Varias veces por semana","Autoayuda","Historia","Literatura","Paulo Coelho","James Clear","Carol Dweck","3900","14","Literatura","Simon Schama","alto","alto"
"Santiago Sánchez Rivera","cliente972@cliente.com","0990000972","Programador","34","Varias veces por semana","Tecnologia","Ciencia Ficcion","Autoayuda","Tom Mitchell","Susan Cruz","Andrew Hunt","5070","19","Autoayuda","Paulo Coelho","alto","alto"
"Elena Bravo Rangel","cliente973@cliente.com","0990000973","Diseñador","53","Mensual","Literatura","Fantasia","Tecnologia","Julio Cortazar","J.R.R. Tolkien","Neil Gaiman","1610","5","Fantasia","Brandon Sanderson","medio","medio"
"Paola Vargas Rangel","cliente974@cliente.com","0990000974","Docente","40","Semanal","Historia","Literatura","Autoayuda","Charles Dickens","Yuval Noah Harari","Charles C. Mann","610","3","Literatura","George Orwell","bajo","medio"
"Diego Bustos Cortes","cliente975@cliente.com","0990000975","Ingeniero","31","Varias veces por semana","Tecnologia","Ciencia Ficcion","Autoayuda","Stuart Russell","Erich Gamma","Orson Scott Card","4800","15","Ciencia Ficcion","Frank Herbert","alto","alto"
"Ana López Prieto","cliente976@cliente.com","0990000976","Estudiante","22","Varias veces por semana","Fantasia","Ciencia Ficcion","Infantil","George R.R. Martin","Aldous Huxley","Mark Twain","6550","20","Ciencia Ficcion","Patrick Rothfuss","alto","alto"
"Fernanda Prieto Ramírez","cliente977@cliente.com","0990000977","Ingeniero","55","Semanal","Tecnologia","Ciencia Ficcion","Autoayuda","Susan Cruz","Robert C. Martin","Isaac Asimov","600","2","Ciencia Ficcion","Isaac Asimov","bajo","medio"
"Natalia Ortiz Torres","cliente978@cliente.com","0990000978","Estudiante","18","Varias veces por semana","Fantasia","Ciencia Ficcion","Infantil","Brandon Sanderson","William Gibson","Mark Twain","4800","18","Ciencia Ficcion","Suzanne Collins","alto","alto"
"César Herrera Guerrero","cliente979@cliente.com","0990000979","Veterinario","27","Semanal","Literatura","Historia","Autoayuda","Harper Lee","Miguel de Cervantes","Charles Dickens","900","3","Autoayuda","Stephen Covey","bajo","medio"
"Silvia Guerrero Figueroa","cliente980@cliente.com","0990000980","Electricista","23","A diario","Literatura","Historia","Autoayuda","Jorge Luis Borges","Charles C. Mann","Hugh Thomas","4900","18","Autoayuda","Winston Churchill","alto","alto"
"José Guerrero Sánchez","cliente981@cliente.com","0990000981","Estudiante","19","A diario","Fantasia","Ciencia Ficcion","Infantil","J.R.R. Tolkien","Patrick Rothfuss","C.S. Lewis","5545","18","Fantasia","J.R.R. Tolkien","alto","alto"
"Ramón López Zamora","cliente982@cliente.com","0990000982","Médico","40","A diario","Autoayuda","Historia","Literatura","Marie Kondo","Charles Dickens","Jared Diamond","6570","20","Historia","Jared Diamond","alto","alto"
"Santiago Castillo León","cliente983@cliente.com","0990000983","Estudiante","18","A diario","Fantasia","Ciencia Ficcion","Infantil","J.R.R. Tolkien","Rick Riordan","Terry Pratchett","2185","8","Ciencia Ficcion","Douglas Adams","medio","alto"
"Fernanda Ávila Chávez","cliente984@cliente.com","0990000984","Estudiante","25","Semanal","Fantasia","Ciencia Ficcion","Infantil","Terry Pratchett","Robin Hobb","William Gibson","2110","8","Infantil","Johanna Spyri","medio","alto"
"Verónica Vargas Cruz","cliente985@cliente.com","0990000985","Veterinario","45","Mensual","Literatura","Historia","Autoayuda","Jose Saramago","Bill Bryson","Simon Schama","920","3","Autoayuda","Viktor Frankl","bajo","medio"
"Miguel Molina Ponce","cliente986@cliente.com","0990000986","Docente","26","Mensual","Historia","Literatura","Autoayuda","Simon Schama","Miguel de Cervantes","Julio Cortazar","1100","4","Autoayuda","Carol Dweck","bajo","medio"
"Verónica Rivera Díaz","cliente987@cliente.com","0990000987","Enfermero","48","Semanal","Literatura","Historia","Autoayuda","Franz Kafka","Juan Rulfo","Charles C. Mann","290","1","Literatura","Jose Saramago","bajo","medio"
"Sofía Reyes Barría","cliente988@cliente.com","0990000988","Estudiante","21","Mensual","Fantasia","Ciencia Ficcion","Infantil","George R.R. Martin","C.S. Lewis","Frank Herbert","310","1","Ciencia Ficcion","Orson Scott Card","bajo","bajo"
"Silvia Castillo Bustos","cliente989@cliente.com","0990000989","Diseñador","28","A diario","Literatura","Fantasia","Tecnologia","Franz Kafka","Terry Pratchett","Erich Gamma","4490","14","Literatura","William Faulkner","alto","alto"
"Tomás Chávez Ortiz","cliente990@cliente.com","0990000990","Periodista","24","Semanal","Historia","Literatura","Misterio","Charles Dickens","Gabriel Garcia Marquez","Thomas Harris","2050","7","Literatura","Harper Lee","medio","alto"
"Gloria Peña Muñoz","cliente991@cliente.com","0990000991","Estudiante","21","Semanal","Fantasia","Ciencia Ficcion","Infantil","Rick Riordan","Stanislaw Lem","Aldous Huxley","1070","5","Ciencia Ficcion","Antoine de Saint-Exupery","bajo","medio"
"Mónica Rivera Rodríguez","cliente992@cliente.com","0990000992","Contador","29","Mensual","Autoayuda","Historia","Literatura","Dale Carnegie","James Clear","Stephen Covey","1180","4","Literatura","Jose Saramago","medio","medio"
"María Sánchez Navarrete","cliente993@cliente.com","0990000993","Enfermero","23","Varias veces por semana","Literatura","Historia","Autoayuda","Jose Saramago","Yuval Noah Harari","Napoleon Hill","2990","10","Literatura","Julio Cortazar","alto","alto"
"Kevin Montero Cabrera","cliente994@cliente.com","0990000994","Estudiante","22","Mensual","Fantasia","Ciencia Ficcion","Infantil","Terry Pratchett","Neil Gaiman","George Orwell","790","2","Fantasia","Patrick Rothfuss","bajo","bajo"
"Carolina Sánchez Castillo","cliente995@cliente.com","0990000995","Comerciante","28","A diario","Literatura","Historia","Autoayuda","Miguel de Cervantes","Jose Saramago","Gabriel Garcia Marquez","6790","23","Literatura","Stephen Covey","alto","alto"
"Juan Rangel Flores","cliente996@cliente.com","0990000996","Docente","38","Semanal","Historia","Literatura","Autoayuda","Simon Schama","Jared Diamond","Bill Bryson","1960","9","Autoayuda","Marie Kondo","medio","alto"
"Ronald Jiménez Silva","cliente997@cliente.com","0990000997","Programador","38","Varias veces por semana","Tecnologia","Ciencia Ficcion","Autoayuda","Susan Cruz","Douglas Adams","Dale Carnegie","2890","11","Ciencia Ficcion","Douglas Adams","alto","alto"
"Tomás Vega Flores","cliente998@cliente.com","0990000998","Constructor","46","Semanal","Literatura","Historia","Autoayuda","Jose Saramago","Terence D'Altroy","Dale Carnegie","1570","5","Literatura","Julio Cortazar","medio","medio"
"Luis López Flores","cliente999@cliente.com","0990000999","Estudiante","23","Semanal","Fantasia","Ciencia Ficcion","Infantil","Robin Hobb","Rick Riordan","Isaac Asimov","1390","4","Ciencia Ficcion","Suzanne Collins","medio","medio"
"Florencia Vega Torres","cliente1000@cliente.com","0990001000","Abogado","52","A diario","Historia","Literatura","Misterio","Simon Schama","Bill Bryson","Julio Cortazar","2820","10","Literatura","Franz Kafka","alto","alto"
